;DMP_0.5;DMP_0.51;DMP_0.52;DMP_0.53;DMP_0.54;DMP_0.55;DMP_0.56;DMP_0.57;DMP_0.58;DMP_0.59;DMP_0.6;DMP_0.61;DMP_0.62;DMP_0.63;DMP_0.64;DMP_0.65;DMP_0.66;DMP_0.67;DMP_0.68;DMP_0.69;DMP_0.7;DMP_0.71;DMP_0.72;DMP_0.73;DMP_0.74;DMP_0.75;DMP_0.76;DMP_0.77;DMP_0.78;DMP_0.79;DMP_0.8;DMP_0.81;DMP_0.82;DMP_0.83;DMP_0.84;DMP_0.85;DMP_0.86;DMP_0.87;DMP_0.88;DMP_0.89;DMP_0.9;DMP_0.91;DMP_0.92;DMP_0.93;DMP_0.94;DMP_0.95;DMP_0.96;DMP_0.97;DMP_0.98
10;0,127087;0,148752;0,137253;0,128587;0,159751;0,143386;0,155751;0,13422;0,137786;0,127187;0,191081;0,142886;0,164617;0,126754;0,122721;0,153551;0,169783;0,138686;0,146452;0,172083;0,180015;0,150385;0,144519;0,128654;0,154351;0,138386;0,125654;0,146352;0,150852;0,144886;0,171583;0,129654;0,124854;0,148552;0,174816;0,149018;0,145019;0,167783;0,131454;0,162817;0,173249;0,16875;0,141053;0,147919;0,129587;0,171849;0,168683;0,165417;0,143319
11;0,11405;0,108748;0,119656;0,114596;0,108839;0,133655;0,129079;0,129261;0,113808;0,116777;0,105809;0,135473;0,131503;0,131655;0,129594;0,113687;0,117565;0,12917;0,125261;0,132867;0,134018;0,136109;0,130806;0,143563;0,124019;0,136048;0,134594;0,118747;0,125201;0,125989;0,172499;0,142472;0,176075;0,14226;0,153531;0,170166;0,197437;0,143957;0,177438;0,141926;0,188256;0,150804;0,140714;0,191043;0,135291;0,140078;0,175499;0,138654;0,162167
12;0,105686;0,098103;0,108908;0,106436;0,113102;0,111907;0,115268;0,103297;0,138072;0,11013;0,108269;0,102519;0,145432;0,100853;0,110491;0,126934;0,13635;0,12049;0,100631;0,107241;0,118518;0,118657;0,104297;0,122295;0,131461;0,111463;0,115018;0,103269;0,109602;0,137044;0,139072;0,122323;0,124656;0,112768;0,120768;0,125351;0,132045;0,13435;0,11599;0,192373;0,129489;0,125184;0,118323;0,124712;0,115963;0,135183;0,125462;0,129906;0,130461
13;0,109607;0,109658;0,098095;0,093352;0,09107;0,112812;0,097992;0,103966;0,100249;0,102043;0,093095;0,090608;0,116068;0,110684;0,109402;0,095429;0,129452;0,10953;0,106735;0,09971;0,10271;0,108017;0,117658;0,108299;0,11294;0,114453;0,123785;0,104069;0,113273;0,09989;0,116196;0,155475;0,117504;0,105684;0,12135;0,110889;0,123375;0,125503;0,134861;0,100813;0,149476;0,101967;0,111273;0,142245;0,101351;0,114145;0,127836;0,106658;0,177038
14;0,091065;0,091136;0,103588;0,098541;0,095969;0,104469;0,091755;0,093493;0,097898;0,086994;0,083518;0,104469;0,09197;0,089779;0,09835;0,096588;0,102421;0,097874;0,092041;0,094588;0,103826;0,093898;0,093184;0,095588;0,108587;0,099041;0,088375;0,109016;0,099969;0,10004;0,102588;0,097279;0,114159;0,09566;0,12142;0,122539;0,113563;0,109635;0,101064;0,110349;0,139204;0,128586;0,095065;0,12142;0,158227;0,122277;0,133895;0,12092;0,106945
15;0,083572;0,091816;0,088483;0,086994;0,089283;0,092772;0,080639;0,108659;0,087972;0,096394;0,100682;0,086372;0,097438;0,093172;0,093016;0,086572;0,087772;0,083728;0,09786;0,081483;0,085639;0,104038;0,09035;0,088572;0,102104;0,076039;0,108948;0,08655;0,091372;0,091216;0,090727;0,095616;0,089972;0,100638;0,087727;0,088527;0,102282;0,103104;0,084106;0,11897;0,108148;0,101927;0,096127;0,101771;0,107837;0,106437;0,095149;0,11257;0,10406
16;0,087286;0,081745;0,079016;0,077224;0,07712;0,077787;0,084203;0,087265;0,077953;0,077204;0,077433;0,077724;0,078183;0,07912;0,101389;0,078995;0,085432;0,08789;0,088432;0,093515;0,102535;0,078037;0,089369;0,090619;0,089849;0,092098;0,081662;0,084661;0,085682;0,080412;0,093244;0,093369;0,089099;0,103244;0,097431;0,079641;0,088932;0,087495;0,092619;0,091098;0,083682;0,084557;0,109389;0,086245;0,098598;0,116993;0,09589;0,098411;0,083203
17;0,0668;0,07227;0,083897;0,087191;0,074427;0,075603;0,088171;0,080172;0,075427;0,080505;0,074545;0,075976;0,073466;0,06678;0,084328;0,083348;0,075839;0,075427;0,08076;0,074251;0,093798;0,084662;0,074211;0,084328;0,082505;0,084956;0,08176;0,088034;0,089112;0,102661;0,086603;0,113601;0,081838;0,078956;0,075956;0,093445;0,08723;0,076799;0,11517;0,106268;0,089485;0,089681;0,087034;0,08427;0,090269;0,102504;0,104974;0,094406;0,103955
18;0,070274;0,077273;0,068293;0,070385;0,073181;0,07157;0,067848;0,082107;0,080921;0,072089;0,065885;0,071366;0,086903;0,073144;0,068052;0,069052;0,0702;0,078385;0,072348;0,0752;0,080644;0,076403;0,078903;0,073366;0,068996;0,079588;0,069996;0,075496;0,07907;0,073329;0,09418;0,073144;0,092754;0,075866;0,075662;0,076051;0,096513;0,079625;0,081366;0,086236;0,076588;0,080384;0,078033;0,080607;0,072403;0,085162;0,085051;0,080921;0,075792
19;0,06954;0,069874;0,06519;0,066821;0,065926;0,071452;0,072259;0,075294;0,074838;0,074014;0,061734;0,074557;0,068277;0,065909;0,076277;0,078715;0,067733;0,069803;0,075593;0,065663;0,080926;0,07768;0,07233;0,067225;0,074417;0,080294;0,078434;0,071996;0,068838;0,075207;0,08254;0,08475;0,088943;0,071102;0,076838;0,069628;0,084767;0,075715;0,082908;0,092188;0,078575;0,074733;0,08389;0,080698;0,086802;0,090013;0,080943;0,072347;0,089978
20;0,062564;0,06738;0,06368;0,071913;0,06083;0,057514;0,071346;0,070463;0,064597;0,06138;0,063947;0,06458;0,062197;0,064447;0,064763;0,065147;0,06798;0,062947;0,071063;0,06348;0,076746;0,071546;0,06528;0,076863;0,066247;0,063064;0,062614;0,06708;0,073863;0,07538;0,065463;0,07308;0,06763;0,080863;0,081813;0,068113;0,07328;0,085479;0,075796;0,07063;0,077996;0,064097;0,076796;0,064697;0,065247;0,072346;0,07438;0,071746;0,07588
21;0,054902;0,060442;0,062108;0,066044;0,061505;0,058632;0,063156;0,064235;0,061505;0,066489;0,061029;0,07133;0,059457;0,063108;0,063727;0,064394;0,064076;0,069378;0,071171;0,077457;0,059823;0,070409;0,06341;0,061299;0,065124;0,071647;0,056854;0,064854;0,071171;0,082885;0,064949;0,06933;0,072631;0,07014;0,067552;0,074679;0,070663;0,070647;0,059711;0,083091;0,08098;0,074742;0,074219;0,061981;0,07352;0,074139;0,062632;0,066965;0,075012
22;0,055634;0,058179;0,056528;0,068876;0,055452;0,054043;0,054346;0,054043;0,055346;0,058209;0,054058;0,060164;0,056073;0,059315;0,069664;0,056907;0,059876;0,056573;0,061921;0,063906;0,060831;0,069042;0,066785;0,064194;0,063921;0,061028;0,061785;0,062649;0,058634;0,061088;0,065391;0,07136;0,059164;0,058497;0,075603;0,065042;0,061997;0,061997;0,062194;0,068451;0,075406;0,066558;0,068421;0,075406;0,073421;0,072406;0,069451;0,06224;0,069512
23;0,056534;0,051621;0,057505;0,053679;0,057374;0,064867;0,062635;0,058853;0,053795;0,053374;0,054172;0,057997;0,057577;0,05965;0,066591;0,055838;0,057664;0,060563;0,068055;0,054099;0,061229;0,059012;0,059403;0,061621;0,062823;0,059925;0,061635;0,077011;0,05636;0,059244;0,05936;0,060823;0,06065;0,062809;0,054548;0,061765;0,066055;0,06349;0,073678;0,063954;0,06591;0,068171;0,074634;0,068301;0,058273;0,073272;0,065157;0,063722;0,071475
24;0,052539;0,059761;0,055803;0,052095;0,050817;0,050651;0,055095;0,054775;0,056206;0,056206;0,05097;0,049415;0,055317;0,049803;0,055373;0,054803;0,054623;0,051484;0,053998;0,057386;0,051776;0,055442;0,067303;0,054137;0,063025;0,055956;0,064581;0,05747;0,05997;0,061275;0,052359;0,055539;0,066428;0,057303;0,064581;0,056595;0,057095;0,052248;0,058025;0,062803;0,067956;0,056512;0,064067;0,065608;0,057456;0,059998;0,062206;0,057859;0,057609
25;0,049438;0,049558;0,053478;0,054784;0,051651;0,050051;0,051305;0,053638;0,052411;0,052958;0,055291;0,054478;0,053785;0,051905;0,057411;0,051798;0,056238;0,048425;0,052851;0,057011;0,059118;0,055051;0,063851;0,054904;0,053825;0,056598;0,049718;0,058718;0,051878;0,061291;0,061704;0,052238;0,069744;0,051411;0,062318;0,060784;0,054065;0,059464;0,060318;0,056664;0,064117;0,055144;0,058838;0,060891;0,057304;0,052025;0,065557;0,057131;0,058611
26;0,048126;0,048152;0,046588;0,053536;0,04846;0,047203;0,050754;0,048049;0,050908;0,05119;0,049088;0,048075;0,056395;0,052331;0,055754;0,056511;0,050203;0,048793;0,049934;0,052934;0,049524;0,060152;0,049255;0,054293;0,055447;0,049588;0,059549;0,056895;0,049498;0,056382;0,050524;0,059754;0,053113;0,057434;0,054639;0,053652;0,052883;0,050024;0,057229;0,058305;0,055921;0,06028;0,054267;0,056165;0,064228;0,057588;0,054767;0,058587;0,051601
27;0,045097;0,050924;0,045221;0,050146;0,048887;0,045677;0,048307;0,049603;0,048307;0,047393;0,052763;0,04722;0,04885;0,046369;0,047813;0,050998;0,047319;0,047875;0,045801;0,053541;0,052517;0,049418;0,051554;0,050862;0,057479;0,050109;0,054381;0,053159;0,050961;0,054541;0,050788;0,052196;0,048146;0,048504;0,050146;0,05685;0,048665;0,049233;0,049615;0,052912;0,055541;0,056986;0,051331;0,057874;0,058961;0,048825;0,049788;0,062282;0,051047
28;0,050367;0,04532;0,043963;0,046379;0,045891;0,044367;0,045344;0,044951;0,044546;0,044463;0,04576;0,047355;0,047379;0,048046;0,046296;0,049486;0,049593;0,047034;0,052415;0,046713;0,049951;0,047772;0,049165;0,047141;0,047534;0,057057;0,047201;0,04626;0,048713;0,047117;0,050236;0,052808;0,043558;0,049451;0,050451;0,051332;0,054248;0,052212;0,049641;0,049343;0,064736;0,051546;0,054212;0,054403;0,047022;0,053891;0,060474;0,055177;0,052962
29;0,046987;0,043401;0,043998;0,048722;0,043102;0,041976;0,053653;0,04586;0,04147;0,047458;0,042389;0,04447;0,044826;0,044297;0,045642;0,041182;0,045849;0,046274;0,045182;0,04709;0,050217;0,043792;0,04832;0,054872;0,046987;0,048998;0,044918;0,041286;0,045343;0,045596;0,04855;0,051044;0,049493;0,048562;0,044355;0,047596;0,047159;0,049837;0,048102;0,050447;0,059665;0,04778;0,045067;0,049757;0,052067;0,053343;0,054079;0,04732;0,049607
30;0,040721;0,041454;0,040432;0,039843;0,044243;0,042187;0,042821;0,046632;0,042076;0,043154;0,041465;0,042099;0,042065;0,041054;0,04341;0,040432;0,051332;0,051298;0,045021;0,046443;0,046976;0,051209;0,04391;0,04651;0,045321;0,046087;0,046876;0,04321;0,052743;0,045854;0,041421;0,048421;0,053943;0,044476;0,055109;0,051043;0,051243;0,052876;0,045632;0,047132;0,052743;0,043621;0,044132;0,045732;0,043832;0,047865;0,04591;0,045576;0,046821
31;0,042224;0,037203;0,038364;0,040977;0,040138;0,038655;0,041827;0,037622;0,041977;0,038386;0,039837;0,041612;0,045332;0,04402;0,044515;0,041719;0,047235;0,047536;0,044235;0,043289;0,048783;0,046396;0,046418;0,041063;0,042343;0,047171;0,048267;0,04674;0,043289;0,043149;0,041117;0,047149;0,0433;0,047622;0,045138;0,042171;0,048343;0,050289;0,049278;0,047106;0,043353;0,049095;0,044568;0,043966;0,0463;0,044267;0,049009;0,04487;0,048257
32;0,037197;0,038145;0,039801;0,043259;0,039113;0,039843;0,038457;0,039926;0,040499;0,037957;0,040947;0,039957;0,041551;0,038707;0,039572;0,040207;0,038249;0,040259;0,042749;0,040415;0,044811;0,043342;0,040634;0,044759;0,047665;0,045728;0,042436;0,042822;0,043582;0,045582;0,03927;0,04629;0,044374;0,048186;0,039874;0,042082;0,041259;0,042957;0,042467;0,043759;0,046113;0,04429;0,043238;0,050582;0,046874;0,041145;0,043322;0,045613;0,047394
33;0,038575;0,039867;0,038645;0,039807;0,037979;0,041019;0,03811;0,03812;0,036161;0,035857;0,039171;0,033959;0,038373;0,039857;0,036837;0,04115;0,041867;0,036464;0,0381;0,038958;0,045069;0,04114;0,040696;0,041706;0,0421;0,040544;0,041595;0,040847;0,041655;0,045271;0,044443;0,042675;0,040282;0,045625;0,043867;0,041453;0,042372;0,041453;0,046554;0,040817;0,041362;0,041443;0,038989;0,042059;0,049392;0,043473;0,048948;0,042928;0,052574
34;0,034499;0,035773;0,036773;0,038685;0,034921;0,037724;0,037734;0,038087;0,038891;0,03642;0,03696;0,039156;0,037332;0,037695;0,03692;0,038499;0,041979;0,039038;0,038597;0,036254;0,035538;0,040734;0,037558;0,037832;0,03845;0,045744;0,041675;0,045097;0,037568;0,040567;0,040607;0,043989;0,043685;0,039156;0,040744;0,046136;0,037303;0,037666;0,042822;0,039567;0,035401;0,04242;0,043754;0,043371;0,044656;0,04343;0,046587;0,041332;0,04042
35;0,03638;0,036694;0,036742;0,038018;0,034666;0,036808;0,038256;0,038332;0,037037;0,038504;0,038275;0,036104;0,040599;0,038294;0,039723;0,036142;0,036847;0,035704;0,038494;0,037351;0,036304;0,039304;0,036332;0,038599;0,034809;0,039932;0,03837;0,037342;0,039999;0,039208;0,03877;0,040142;0,039551;0,041637;0,036713;0,040323;0,043599;0,038094;0,051818;0,039494;0,041304;0,039942;0,037504;0,05076;0,04098;0,040827;0,041351;0,040161;0,042599
36;0,034481;0,033749;0,036082;0,035092;0,033471;0,034092;0,033175;0,033156;0,036934;0,034406;0,038082;0,034684;0,034268;0,040999;0,033897;0,039999;0,033953;0,037101;0,035277;0,037832;0,035897;0,036036;0,03561;0,038416;0,039888;0,037916;0,038851;0,036471;0,038147;0,037267;0,03886;0,042814;0,03711;0,041851;0,040591;0,03774;0,037138;0,038619;0,039841;0,040304;0,039629;0,038823;0,037675;0,03861;0,041203;0,040388;0,039749;0,039591;0,03861
37;0,032918;0,033765;0,034486;0,03281;0,034621;0,033017;0,036098;0,033873;0,034684;0,036594;0,031522;0,033693;0,036314;0,037386;0,039062;0,033846;0,034846;0,038512;0,036981;0,036143;0,035152;0,038071;0,037458;0,035089;0,033269;0,034738;0,037783;0,03481;0,035666;0,034882;0,037458;0,039738;0,035449;0,038197;0,039702;0,038287;0,036071;0,037125;0,043161;0,03881;0,03572;0,037431;0,03717;0,03781;0,037134;0,039548;0,042242;0,038954;0,043729
38;0,033876;0,034183;0,031999;0,032482;0,033736;0,031789;0,035648;0,033675;0,032332;0,03199;0,033789;0,032789;0,031938;0,036683;0,037894;0,033017;0,035438;0,034841;0,035429;0,035508;0,035771;0,03499;0,038718;0,033999;0,035201;0,03621;0,035236;0,038324;0,035245;0,034394;0,040192;0,035008;0,036148;0,037824;0,039341;0,034753;0,035376;0,03821;0,035227;0,03549;0,034982;0,037543;0,04106;0,037473;0,042262;0,040841;0,039104;0,03578;0,039981
39;0,030632;0,030897;0,032734;0,032931;0,030546;0,031726;0,031016;0,032461;0,033555;0,031221;0,030452;0,032136;0,031179;0,031315;0,031837;0,031392;0,033751;0,032427;0,035085;0,035862;0,036102;0,034426;0,034247;0,040324;0,033777;0,03435;0,036358;0,036281;0,036991;0,033179;0,033059;0,037127;0,033615;0,031529;0,036196;0,031939;0,035085;0,036794;0,035982;0,034965;0,042238;0,034324;0,03999;0,033469;0,036683;0,036324;0,036802;0,036144;0,039153
40;0,031358;0,030658;0,029383;0,030741;0,032016;0,031999;0,033791;0,032833;0,030991;0,032416;0,031116;0,030849;0,034066;0,033916;0,031516;0,035007;0,035091;0,032458;0,032991;0,034049;0,033724;0,034516;0,034699;0,033341;0,034624;0,032291;0,033782;0,035791;0,032216;0,034574;0,032966;0,037066;0,037341;0,033841;0,034891;0,039974;0,030974;0,034274;0,034349;0,036199;0,035491;0,036207;0,033799;0,033966;0,032191;0,035732;0,033141;0,035574;0,034099
41;0,030601;0,030894;0,029129;0,030324;0,033885;0,03152;0,032479;0,029764;0,035715;0,030357;0,032227;0,029064;0,031658;0,032316;0,031251;0,036202;0,032999;0,030487;0,029755;0,030788;0,033064;0,031414;0,032479;0,033284;0,032885;0,034641;0,035292;0,031235;0,032211;0,034641;0,030585;0,034869;0,034674;0,03165;0,034934;0,037406;0,031455;0,03178;0,036284;0,034617;0,041381;0,038072;0,035837;0,034519;0,035251;0,039145;0,033454;0,036324;0,033072
42;0,02838;0,030634;0,029833;0,029452;0,03242;0,031364;0,028214;0,029729;0,030198;0,030333;0,030571;0,031761;0,02942;0,032706;0,031253;0,031245;0,033594;0,03219;0,029983;0,03396;0,029452;0,029722;0,028944;0,029602;0,031071;0,03061;0,033618;0,030682;0,033293;0,035174;0,029364;0,032983;0,029491;0,031015;0,035721;0,032261;0,035348;0,03411;0,034626;0,035269;0,03061;0,034975;0,030952;0,036301;0,035809;0,037626;0,030642;0,031198;0,035793
43;0,0291;0,028821;0,028433;0,028154;0,029209;0,027875;0,029092;0,029961;0,028999;0,031914;0,028627;0,028992;0,027108;0,030364;0,028519;0,033829;0,029837;0,02941;0,031844;0,030867;0,031356;0,031216;0,031309;0,035503;0,030604;0,03248;0,030557;0,034418;0,035565;0,032712;0,033085;0,035084;0,035309;0,03186;0,031573;0,031441;0,032247;0,029891;0,032495;0,030255;0,03241;0,033635;0,030286;0,033371;0,033511;0,032131;0,029387;0,039177;0,032356
44;0,027931;0,029999;0,027992;0,028401;0,028628;0,028499;0,031022;0,02981;0,028484;0,030227;0,02753;0,027984;0,031234;0,028257;0,029522;0,029068;0,029666;0,030355;0,029704;0,03162;0,030681;0,031249;0,031295;0,028999;0,030833;0,028386;0,02906;0,030689;0,029893;0,03059;0,033666;0,02978;0,032855;0,031189;0,030371;0,029658;0,028196;0,032037;0,033446;0,033295;0,032673;0,032537;0,032969;0,031863;0,034651;0,031727;0,032552;0,032961;0,030045
45;0,027459;0,027318;0,02911;0,028436;0,026362;0,026333;0,027436;0,027222;0,026666;0,027422;0,027962;0,027273;0,027725;0,027148;0,030414;0,030844;0,027548;0,029022;0,029496;0,030822;0,029955;0,029918;0,027777;0,02697;0,029866;0,030155;0,028918;0,032792;0,028636;0,029614;0,028614;0,03271;0,03571;0,031251;0,030081;0,032303;0,030192;0,030977;0,031444;0,033636;0,030851;0,031422;0,027992;0,029873;0,03014;0,031466;0,030481;0,029881;0,031933
46;0,028724;0,026188;0,026405;0,026847;0,025912;0,027768;0,027383;0,028586;0,028637;0,027891;0,02784;0,024985;0,028507;0,028405;0,027499;0,027101;0,026789;0,026412;0,028543;0,027659;0,027753;0,029673;0,030637;0,027485;0,029543;0,028891;0,030188;0,03134;0,028652;0,030912;0,030956;0,029862;0,029709;0,030434;0,031536;0,031572;0,028021;0,030238;0,029702;0,029659;0,028717;0,028478;0,02834;0,033246;0,029115;0,030695;0,033354;0,029833;0,028615
47;0,025148;0,028163;0,02507;0,025141;0,025999;0,02646;0,027347;0,026624;0,025616;0,028666;0,027077;0,028198;0,027694;0,02851;0,026985;0,02639;0,026872;0,028772;0,027602;0,027673;0,029389;0,02812;0,027772;0,027134;0,02656;0,027269;0,029184;0,027879;0,027553;0,031269;0,027737;0,027936;0,032843;0,02729;0,029063;0,030886;0,029737;0,02778;0,030304;0,028545;0,029928;0,029709;0,031226;0,032411;0,028574;0,032248;0,030709;0,032283;0,029304
48;0,025444;0,026381;0,024381;0,026111;0,026624;0,026458;0,02577;0,025555;0,027173;0,024458;0,028229;0,025999;0,025895;0,027048;0,026597;0,025534;0,028229;0,027263;0,026861;0,027486;0,02727;0,03002;0,026437;0,027291;0,028062;0,028423;0,026222;0,029152;0,026652;0,026249;0,028034;0,029604;0,02909;0,028173;0,02768;0,028347;0,028541;0,027506;0,028972;0,029631;0,025736;0,03386;0,028673;0,030145;0,029527;0,030242;0,029874;0,031465;0,031152
49;0,024258;0,02555;0,024945;0,025857;0,024612;0,024278;0,026986;0,024231;0,025149;0,024836;0,024809;0,025931;0,025265;0,027142;0,026897;0,025238;0,026244;0,026687;0,024299;0,028176;0,026605;0,029761;0,026823;0,025462;0,030326;0,027612;0,028149;0,027972;0,02655;0,031047;0,027455;0,028292;0,027687;0,027306;0,025945;0,028652;0,029292;0,026503;0,027782;0,027891;0,02904;0,025707;0,030027;0,028285;0,027999;0,028686;0,027047;0,03068;0,028006
50;0,02426;0,02422;0,025753;0,025;0,025426;0,02422;0,026206;0,025446;0,026953;0,029299;0,024966;0,0243;0,027399;0,025699;0,024693;0,02428;0,027153;0,024566;0,025533;0,027519;0,026953;0,025459;0,025113;0,028153;0,028006;0,026846;0,027119;0,030406;0,025966;0,0249;0,026733;0,027493;0,027013;0,026666;0,026499;0,025579;0,030579;0,026506;0,025493;0,027659;0,026706;0,028459;0,027153;0,029066;0,032526;0,028046;0,028493;0,030739;0,026986
51;0,023124;0,024137;0,024581;0,024993;0,026013;0,023176;0,025888;0,02396;0,025248;0,02545;0,023895;0,023294;0,023771;0,026209;0,025934;0,023875;0,024562;0,025849;0,025562;0,026274;0,02762;0,02564;0,025098;0,026111;0,02581;0,02515;0,026601;0,025437;0,030823;0,030307;0,026111;0,025797;0,025777;0,026339;0,02549;0,024947;0,027928;0,028542;0,026392;0,028372;0,026686;0,028914;0,028627;0,028509;0,028228;0,026627;0,029241;0,025764;0,028633
52;0,022339;0,024596;0,023826;0,023762;0,024089;0,024826;0,024833;0,023076;0,024685;0,023685;0,024871;0,025121;0,025775;0,023634;0,02325;0,024935;0,02591;0,024435;0,02407;0,023859;0,024102;0,029948;0,023057;0,023044;0,025358;0,024435;0,024673;0,025711;0,025044;0,026583;0,024897;0,028653;0,025955;0,026012;0,029173;0,024794;0,026442;0,02748;0,027044;0,028269;0,028679;0,027057;0,024288;0,025608;0,025576;0,026999;0,026967;0,030333;0,029403
53;0,022213;0,022396;0,023157;0,023232;0,022522;0,025635;0,023798;0,023018;0,023987;0,023855;0,023138;0,023069;0,025647;0,024188;0,026283;0,024358;0,023496;0,025037;0,026088;0,024345;0,024628;0,025572;0,023584;0,025245;0,02349;0,024779;0,024867;0,025528;0,025037;0,025672;0,023251;0,027333;0,025509;0,028132;0,024993;0,024735;0,02588;0,026333;0,025691;0,027345;0,026106;0,029974;0,026327;0,025918;0,026062;0,024987;0,027484;0,026918;0,025371
54;0,022728;0,023679;0,022611;0,024635;0,023321;0,024123;0,022691;0,023629;0,024672;0,022105;0,025314;0,02387;0,024975;0,023858;0,024049;0,022808;0,022882;0,024382;0,0235;0,024413;0,023395;0,024382;0,024617;0,025043;0,024481;0,02366;0,025679;0,024185;0,025932;0,026833;0,023771;0,025345;0,025537;0,024734;0,024963;0,024901;0,026506;0,024061;0,025901;0,025037;0,024382;0,027283;0,026759;0,027487;0,025882;0,02645;0,02424;0,025308;0,026746
55;0,022187;0,02226;0,022618;0,021691;0,024151;0,021963;0,023048;0,023527;0,023266;0,02346;0,023018;0,023187;0,023878;0,023024;0,023115;0,023272;0,023818;0,02303;0,0232;0,023466;0,025909;0,024151;0,0256;0,027212;0,025551;0,024151;0,023787;0,024066;0,027903;0,026527;0,024393;0,026296;0,02663;0,025163;0,024909;0,024412;0,024733;0,024763;0,023575;0,025763;0,026533;0,02643;0,025727;0,023794;0,027636;0,028284;0,02546;0,025133;0,02509
56;0,021303;0,022285;0,022517;0,021601;0,022166;0,021577;0,023065;0,022262;0,022107;0,023607;0,021821;0,02169;0,022565;0,022142;0,02275;0,022333;0,024857;0,022726;0,024464;0,023202;0,022452;0,023904;0,021357;0,02244;0,022678;0,022053;0,024333;0,023761;0,026029;0,025256;0,026428;0,024256;0,023327;0,023744;0,024601;0,023488;0,024833;0,028244;0,02366;0,022077;0,023791;0,025815;0,02372;0,025488;0,022976;0,027636;0,02344;0,02494;0,024196
57;0,021485;0,021818;0,021064;0,021801;0,023263;0,021497;0,020953;0,021871;0,022222;0,022608;0,022538;0,023678;0,020906;0,022824;0,022087;0,022374;0,020503;0,023333;0,021818;0,022485;0,0259;0,023906;0,022403;0,021719;0,025847;0,021994;0,022257;0,02231;0,023497;0,023064;0,02252;0,025298;0,02369;0,02445;0,023549;0,025228;0,025415;0,022286;0,024087;0,025596;0,024491;0,025117;0,022614;0,025204;0,026339;0,025561;0,021941;0,025479;0,022602
58;0,021425;0,02031;0,020873;0,02135;0,021005;0,021873;0,021827;0,021138;0,021201;0,020034;0,02189;0,021402;0,02254;0,021678;0,022379;0,023626;0,020977;0,022436;0,021758;0,020758;0,021287;0,022626;0,02354;0,021413;0,02408;0,023017;0,023471;0,02489;0,023224;0,02235;0,021919;0,022684;0,023408;0,024166;0,024189;0,02435;0,022948;0,023356;0,025615;0,025063;0,022494;0,023166;0,025247;0,025718;0,024804;0,023178;0,024534;0,023965;0,023873
59;0,020192;0,020339;0,019587;0,02196;0,021644;0,020378;0,020226;0,021796;0,020305;0,021502;0,020276;0,020265;0,021881;0,020966;0,021158;0,021367;0,021565;0,022011;0,021113;0,022118;0,02161;0,022723;0,024124;0,022921;0,021762;0,021113;0,023519;0,022598;0,024542;0,02296;0,022937;0,023723;0,02444;0,024322;0,02335;0,025231;0,021994;0,023423;0,022943;0,023909;0,023395;0,023666;0,022039;0,025011;0,024915;0,023695;0,024853;0,027954;0,023418
60;0,01955;0,020016;0,019444;0,019944;0,020866;0,019522;0,021427;0,0207;0,020611;0,022411;0,0205;0,022105;0,020027;0,021283;0,021022;0,020394;0,021833;0,022533;0,021961;0,021377;0,021277;0,020122;0,020766;0,022927;0,021477;0,0206;0,022855;0,021561;0,022366;0,02065;0,02205;0,022283;0,022011;0,02405;0,024838;0,025227;0,022127;0,022072;0,02375;0,025577;0,023433;0,022683;0,023533;0,023016;0,0229;0,022805;0,023194;0,023983;0,025266
61;0,019918;0,019989;0,019404;0,019792;0,019464;0,020349;0,021229;0,020027;0,023617;0,020388;0,020634;0,021338;0,020847;0,021628;0,020781;0,021972;0,020103;0,020808;0,022278;0,020431;0,020147;0,021278;0,021972;0,02083;0,020519;0,020497;0,023224;0,021481;0,020885;0,023027;0,02247;0,021191;0,022235;0,021994;0,021694;0,021617;0,021792;0,023306;0,022694;0,021661;0,023459;0,023994;0,02459;0,024114;0,026114;0,024623;0,022759;0,022399;0,023125
62;0,01972;0,01893;0,019161;0,01901;0,019887;0,019398;0,02107;0,019914;0,019828;0,020473;0,020344;0,020091;0,019596;0,021398;0,020725;0,019505;0,019962;0,019559;0,020489;0,02101;0,021833;0,020892;0,021629;0,020785;0,020709;0,020978;0,022639;0,021693;0,022086;0,022591;0,02243;0,02251;0,019387;0,021177;0,020876;0,020994;0,021725;0,023311;0,021801;0,023473;0,022317;0,024075;0,023091;0,022747;0,021941;0,021344;0,022537;0,024338;0,022306
63;0,018735;0,019751;0,018624;0,019317;0,019307;0,019195;0,020291;0,019084;0,019449;0,019439;0,019989;0,020291;0,019365;0,021105;0,02073;0,020624;0,019592;0,020656;0,020486;0,020365;0,022809;0,021169;0,020714;0,021243;0,021873;0,020529;0,020259;0,02027;0,019957;0,02101;0,022238;0,02209;0,023687;0,021174;0,021169;0,022598;0,023481;0,022275;0,021926;0,021846;0,020682;0,022529;0,020788;0,022158;0,022285;0,021068;0,025904;0,021455;0,020137
64;0,018724;0,019885;0,019427;0,019031;0,019474;0,018828;0,019229;0,019114;0,019146;0,019187;0,019765;0,01901;0,019088;0,020166;0,020151;0,020427;0,019396;0,019333;0,020375;0,019328;0,020432;0,021989;0,020317;0,020666;0,019984;0,019687;0,018942;0,020239;0,019588;0,019328;0,021755;0,023948;0,021875;0,021677;0,023104;0,020875;0,021125;0,023739;0,02001;0,021859;0,022734;0,022578;0,021692;0,025604;0,021531;0,020552;0,021781;0,026036;0,023994
65;0,020584;0,018538;0,019277;0,021328;0,019348;0,018923;0,018297;0,019615;0,019569;0,018492;0,019769;0,019774;0,019297;0,019513;0,020369;0,018487;0,018918;0,019825;0,021677;0,019266;0,01962;0,019666;0,019682;0,019333;0,01963;0,020261;0,021754;0,02061;0,020092;0,020841;0,02102;0,019395;0,020405;0,0204;0,023697;0,020466;0,021477;0,021779;0,021836;0,021164;0,020282;0,021718;0,021251;0,021395;0,019825;0,021087;0,021123;0,021195;0,021984
66;0,018025;0,01907;0,017949;0,019661;0,018884;0,017848;0,018702;0,017974;0,018394;0,020626;0,01854;0,020075;0,018944;0,018969;0,019176;0,018394;0,019045;0,019591;0,019535;0,020904;0,018777;0,018384;0,019717;0,020616;0,020828;0,020409;0,019939;0,020873;0,019126;0,020924;0,019182;0,020878;0,019247;0,019464;0,019262;0,020969;0,02149;0,019944;0,021479;0,022075;0,022495;0,020838;0,020974;0,023399;0,020823;0,021328;0,020161;0,020853;0,0205
67;0,017965;0,017542;0,018512;0,019552;0,017965;0,017482;0,019547;0,018935;0,018671;0,018472;0,019114;0,019831;0,018134;0,018522;0,019567;0,02102;0,018308;0,020243;0,019258;0,020612;0,019054;0,019348;0,019592;0,018826;0,020567;0,019905;0,019721;0,020477;0,02103;0,020393;0,020333;0,019134;0,019293;0,020383;0,018826;0,020965;0,020502;0,020875;0,020005;0,020084;0,024094;0,020836;0,020313;0,020403;0,020512;0,021129;0,020552;0,021835;0,022641
68;0,017603;0,017975;0,017603;0,017706;0,018446;0,02023;0,018544;0,017103;0,017706;0,018117;0,01751;0,018514;0,019843;0,019088;0,01949;0,018235;0,019804;0,018014;0,017603;0,019657;0,019769;0,019063;0,019617;0,018774;0,019941;0,020049;0,018593;0,01901;0,019475;0,01851;0,019784;0,0195;0,019681;0,019921;0,019166;0,021799;0,019348;0,019921;0,021333;0,020995;0,020299;0,018858;0,020505;0,020181;0,020706;0,01976;0,019127;0,020666;0,020505
69;0,018106;0,017096;0,017372;0,017169;0,018647;0,017111;0,01786;0,020169;0,018459;0,018024;0,017811;0,018246;0,017729;0,0177;0,018096;0,018782;0,01872;0,01886;0,01872;0,01884;0,018657;0,017;0,018913;0,020048;0,018488;0,018459;0,01871;0,019521;0,01928;0,019198;0,020178;0,019425;0,020517;0,019473;0,019579;0,01913;0,019662;0,021261;0,020314;0,020797;0,018715;0,019241;0,021029;0,020009;0,020367;0,020478;0,020434;0,02129;0,020091
70;0,016847;0,017319;0,016747;0,017324;0,018062;0,0181;0,017333;0,01689;0,0179;0,016895;0,017638;0,017281;0,018009;0,017976;0,017728;0,018657;0,018714;0,019585;0,019628;0,01819;0,017919;0,018276;0,020147;0,018262;0,019019;0,018476;0,019228;0,020562;0,018781;0,019214;0,018762;0,018933;0,020338;0,018824;0,019252;0,018614;0,019124;0,022909;0,020495;0,018624;0,019738;0,018781;0,019333;0,021923;0,021009;0,019133;0,022066;0,020781;0,017866
71;0,01622;0,016648;0,016573;0,016587;0,017709;0,016803;0,018873;0,017216;0,018183;0,017375;0,01723;0,018502;0,017319;0,018737;0,017887;0,017615;0,018122;0,018267;0,017803;0,018249;0,019333;0,01761;0,01769;0,017835;0,018399;0,018713;0,01915;0,019413;0,019037;0,018145;0,017882;0,020765;0,018972;0,01792;0,018751;0,01938;0,018558;0,018601;0,020385;0,017887;0,018352;0,018192;0,019835;0,018835;0,020995;0,01984;0,019333;0,01915;0,018849
72;0,01669;0,017213;0,017199;0,016602;0,01637;0,017653;0,016555;0,017282;0,016745;0,017143;0,016541;0,018088;0,017111;0,017217;0,018634;0,017898;0,017088;0,016852;0,018055;0,017903;0,017185;0,017541;0,018296;0,01775;0,017949;0,017268;0,018611;0,017185;0,019838;0,017449;0,017773;0,018629;0,019949;0,018926;0,018051;0,018879;0,01874;0,018597;0,018685;0,018713;0,017893;0,020819;0,018092;0,020444;0,018782;0,018231;0,02143;0,020565;0,019958
73;0,017018;0,017283;0,017224;0,017379;0,016895;0,01694;0,016073;0,017644;0,017141;0,018785;0,017488;0,016557;0,01821;0,018374;0,016822;0,017461;0,017767;0,017666;0,018169;0,017936;0,017717;0,018625;0,017123;0,017621;0,018018;0,018698;0,017543;0,017895;0,019041;0,017986;0,019319;0,017959;0,01836;0,018913;0,019502;0,017749;0,018173;0,018461;0,018552;0,018726;0,019132;0,01816;0,019411;0,02021;0,019274;0,018758;0,017639;0,019822;0,017374
74;0,015883;0,016184;0,016338;0,015982;0,017342;0,016423;0,01672;0,016405;0,015991;0,017162;0,016743;0,017004;0,016446;0,016324;0,01777;0,018851;0,017738;0,017117;0,017329;0,017009;0,017558;0,017117;0,016932;0,016833;0,016892;0,018626;0,019518;0,016824;0,017103;0,017365;0,017603;0,021;0,018189;0,018112;0,017468;0,01895;0,019576;0,017275;0,017734;0,017099;0,019202;0,018234;0,018567;0,017009;0,017761;0,018833;0,018734;0,018563;0,01813
75;0,016218;0,016466;0,016333;0,015435;0,016782;0,01744;0,016471;0,017342;0,016444;0,017129;0,017253;0,016129;0,015866;0,017982;0,017178;0,016338;0,01672;0,017946;0,017791;0,017995;0,018066;0,016062;0,017515;0,020075;0,018475;0,017053;0,017444;0,016649;0,018924;0,016835;0,018671;0,017555;0,019875;0,017209;0,018489;0,016898;0,020609;0,017204;0,018093;0,01824;0,018569;0,020053;0,017435;0,017631;0,01872;0,018675;0,017484;0,017609;0,019391
76;0,016289;0,015188;0,015956;0,015618;0,016403;0,016123;0,016035;0,016272;0,016509;0,016193;0,016425;0,01571;0,016548;0,016035;0,016482;0,016934;0,016338;0,017688;0,017952;0,015693;0,015908;0,016482;0,017596;0,017434;0,017513;0,016671;0,01732;0,016373;0,017495;0,017329;0,01739;0,01664;0,017241;0,01768;0,018605;0,018592;0,017421;0,018855;0,017355;0,017956;0,018267;0,019403;0,018123;0,017285;0,019316;0,019557;0,019175;0,016956;0,01982
77;0,014913;0,016091;0,016013;0,017138;0,015831;0,016688;0,015576;0,01571;0,01542;0,016861;0,016515;0,016247;0,015809;0,016632;0,016199;0,016913;0,016524;0,016801;0,017065;0,016008;0,01726;0,016926;0,016342;0,016385;0,017221;0,015853;0,01784;0,01645;0,018783;0,017381;0,01858;0,017238;0,016757;0,017991;0,017779;0,016814;0,020177;0,016316;0,018762;0,0179;0,017385;0,017173;0,018177;0,016658;0,016602;0,020008;0,018394;0,019571;0,018225
78;0,015137;0,014914;0,015662;0,015363;0,016141;0,015538;0,016376;0,017025;0,015769;0,015021;0,01559;0,0155;0,015931;0,017081;0,016666;0,015329;0,017948;0,016829;0,015543;0,01632;0,016457;0,016675;0,016496;0,017615;0,015637;0,016765;0,01838;0,017547;0,017025;0,017329;0,017008;0,016568;0,016731;0,017525;0,019675;0,016825;0,017337;0,018273;0,017568;0,016863;0,017585;0,017927;0,017406;0,01744;0,015914;0,017641;0,017602;0,019679;0,019154
79;0,015671;0,01562;0,014894;0,014869;0,015633;0,015236;0,015169;0,016181;0,015274;0,016371;0,01554;0,015202;0,015396;0,015304;0,015299;0,015249;0,01719;0,01608;0,017337;0,015882;0,015886;0,016755;0,017021;0,016017;0,016633;0,01646;0,017966;0,016236;0,018109;0,016586;0,016342;0,015789;0,018109;0,016396;0,017565;0,016637;0,01673;0,016342;0,016354;0,017806;0,017662;0,017844;0,017434;0,018852;0,018565;0,017768;0,016599;0,016637;0,017029
80;0,015416;0,016358;0,014958;0,015254;0,014791;0,016079;0,015921;0,015379;0,015062;0,015458;0,015946;0,015179;0,014766;0,016904;0,015716;0,015383;0,015908;0,015354;0,016216;0,0153;0,016266;0,015925;0,01655;0,015683;0,016191;0,017291;0,017171;0,016521;0,015533;0,018962;0,01765;0,015991;0,016841;0,016371;0,015883;0,015441;0,016679;0,016691;0,015654;0,016271;0,017771;0,017571;0,016946;0,016779;0,017654;0,016812;0,017516;0,016079;0,017304
81;0,014963;0,015074;0,015979;0,016173;0,014671;0,014522;0,015498;0,015843;0,015053;0,016066;0,016304;0,015811;0,016049;0,01614;0,015345;0,016094;0,015691;0,015946;0,01465;0,015284;0,016629;0,015827;0,016403;0,016358;0,016979;0,017238;0,016136;0,01565;0,015428;0,017424;0,017728;0,017547;0,015811;0,01649;0,015802;0,016452;0,017843;0,016008;0,016144;0,017683;0,016436;0,016691;0,016769;0,018131;0,016786;0,017671;0,016148;0,01844;0,015514
82;0,014256;0,015191;0,015597;0,014069;0,014756;0,014431;0,015455;0,014666;0,01528;0,014585;0,015061;0,016585;0,014772;0,014642;0,016406;0,015313;0,016882;0,01576;0,015272;0,015207;0,014585;0,01565;0,015532;0,015695;0,016862;0,015451;0,015223;0,015662;0,01839;0,015654;0,015463;0,015963;0,015479;0,016687;0,018032;0,016512;0,016431;0,017329;0,01689;0,016004;0,016756;0,016671;0,016232;0,015967;0,017065;0,016618;0,017605;0,017264;0,017906
83;0,015707;0,014807;0,015092;0,015321;0,015128;0,014353;0,014964;0,015285;0,014711;0,014936;0,014771;0,015369;0,014727;0,014899;0,015924;0,015245;0,015084;0,016417;0,015297;0,014895;0,015707;0,015446;0,014972;0,015658;0,0161;0,01504;0,016771;0,015679;0,016341;0,017442;0,016349;0,016221;0,016189;0,01651;0,016136;0,016185;0,016345;0,016172;0,017815;0,015638;0,017249;0,016373;0,016875;0,016008;0,016261;0,015566;0,016084;0,016674;0,015964
84;0,014174;0,014416;0,014397;0,01517;0,014734;0,014516;0,014659;0,01494;0,014401;0,014647;0,014242;0,015;0,014389;0,015317;0,015071;0,015079;0,015305;0,015155;0,015214;0,015258;0,014841;0,015686;0,016266;0,017329;0,015718;0,015182;0,015214;0,016119;0,015083;0,01592;0,014869;0,016409;0,015393;0,01592;0,015337;0,015599;0,017361;0,015976;0,01675;0,016936;0,01719;0,017817;0,017742;0,016063;0,016901;0,016087;0,017293;0,015444;0,017194
85;0,014298;0,013353;0,014423;0,01487;0,014141;0,014165;0,014317;0,014725;0,014114;0,014643;0,014055;0,015282;0,013976;0,014353;0,014047;0,014529;0,015094;0,015514;0,015231;0,015847;0,015047;0,014584;0,017157;0,015757;0,015306;0,01458;0,015223;0,016251;0,015612;0,015055;0,015494;0,017996;0,015416;0,015557;0,016823;0,017094;0,01571;0,017012;0,01527;0,017078;0,016388;0,01587;0,016349;0,016482;0,016019;0,016635;0,016172;0,016204;0,017427
86;0,013934;0,014267;0,014891;0,014039;0,014085;0,014488;0,014279;0,014151;0,014628;0,014345;0,014236;0,014992;0,01455;0,014046;0,014372;0,014953;0,015116;0,015031;0,01431;0,015632;0,015577;0,015325;0,014527;0,01469;0,016151;0,01557;0,01626;0,015124;0,014872;0,017178;0,01526;0,015089;0,016046;0,01455;0,015256;0,01598;0,016465;0,015186;0,015411;0,015399;0,017275;0,017077;0,015143;0,014302;0,014868;0,015395;0,017426;0,016465;0,016566
87;0,013923;0,013613;0,013866;0,014555;0,013218;0,014728;0,013831;0,014644;0,01467;0,013904;0,014789;0,014575;0,01403;0,014628;0,015134;0,013992;0,014881;0,014184;0,014352;0,014421;0,013889;0,014253;0,015245;0,015739;0,01513;0,01531;0,015042;0,014348;0,015053;0,015766;0,014536;0,014326;0,016348;0,015076;0,015682;0,015483;0,015666;0,015655;0,014778;0,016513;0,016348;0,017544;0,016345;0,01546;0,015498;0,016693;0,016908;0,015643;0,015161
88;0,013568;0,013837;0,013992;0,014644;0,01397;0,013629;0,014704;0,013867;0,015004;0,01386;0,015053;0,014617;0,013814;0,014481;0,013632;0,014898;0,013742;0,015655;0,014909;0,013973;0,014261;0,014852;0,014826;0,015409;0,015371;0,014579;0,014367;0,015557;0,01475;0,014742;0,015413;0,015235;0,015462;0,01478;0,015208;0,016352;0,015735;0,014602;0,01506;0,014689;0,014363;0,017401;0,015829;0,015428;0,015977;0,01547;0,015004;0,017144;0,016413
89;0,013764;0,013348;0,013206;0,012962;0,013476;0,013951;0,014243;0,014078;0,014026;0,014165;0,013779;0,014449;0,01421;0,014045;0,014607;0,013981;0,013813;0,01409;0,013359;0,013865;0,014225;0,014696;0,01476;0,015872;0,014891;0,014153;0,015401;0,016262;0,015281;0,015337;0,015131;0,014558;0,014835;0,015753;0,014914;0,015809;0,014846;0,014813;0,01518;0,015386;0,01473;0,015775;0,015569;0,014648;0,016022;0,015783;0,015857;0,015801;0,014633
90;0,013592;0,013392;0,013859;0,012915;0,013696;0,013115;0,013711;0,013337;0,012811;0,012918;0,0132;0,014681;0,013741;0,013774;0,014063;0,014767;0,013878;0,013867;0,014718;0,014233;0,013611;0,014404;0,014059;0,014515;0,013963;0,014637;0,016215;0,014122;0,014641;0,014481;0,015822;0,014092;0,013948;0,015685;0,014463;0,014159;0,014392;0,015181;0,014829;0,015181;0,015766;0,014004;0,015541;0,015052;0,014863;0,016937;0,015589;0,015915;0,016785
91;0,013524;0,01396;0,012743;0,01348;0,013769;0,01319;0,012967;0,013674;0,013384;0,013868;0,013842;0,01371;0,013725;0,014066;0,013168;0,014004;0,01408;0,01389;0,014256;0,014982;0,013608;0,014073;0,013769;0,014542;0,014579;0,01385;0,014461;0,013762;0,014527;0,014223;0,015417;0,014014;0,014751;0,014535;0,014557;0,014839;0,013762;0,014454;0,014454;0,015593;0,014718;0,016062;0,016381;0,016326;0,014278;0,016099;0,015516;0,014571;0,014699
92;0,012888;0,01296;0,013243;0,012786;0,013109;0,013003;0,013989;0,013427;0,014402;0,013243;0,013344;0,012909;0,013253;0,013855;0,013203;0,013732;0,013525;0,013913;0,013362;0,013982;0,013728;0,014145;0,012873;0,01338;0,014695;0,01463;0,015145;0,013706;0,014152;0,01388;0,014663;0,014587;0,014772;0,013706;0,01396;0,015167;0,014032;0,014174;0,013989;0,014395;0,013779;0,014819;0,015322;0,014413;0,014417;0,015315;0,014695;0,014449;0,014594
93;0,013487;0,013663;0,012806;0,013057;0,013803;0,01386;0,013229;0,013398;0,013624;0,013369;0,013631;0,012925;0,013233;0,013674;0,013555;0,013502;0,014111;0,013563;0,013487;0,013817;0,013649;0,014269;0,013724;0,014942;0,013161;0,013774;0,013272;0,013434;0,013441;0,014215;0,013111;0,014627;0,014029;0,013735;0,015308;0,017261;0,013925;0,013928;0,014774;0,014107;0,014659;0,014763;0,014297;0,01652;0,016462;0,014982;0,014641;0,014398;0,014391
94;0,013475;0,012546;0,012844;0,013518;0,013007;0,012922;0,013344;0,013021;0,012752;0,012603;0,012745;0,013124;0,012755;0,013092;0,013393;0,014667;0,012826;0,014365;0,014195;0,013706;0,014535;0,014432;0,014549;0,013918;0,013936;0,013418;0,01351;0,012986;0,012925;0,013092;0,014067;0,013784;0,013525;0,013103;0,013833;0,013915;0,015237;0,01434;0,014174;0,014461;0,014273;0,015667;0,01594;0,014723;0,015223;0,014447;0,015025;0,015003;0,014635
95;0,012645;0,012807;0,013533;0,012663;0,012796;0,01334;0,012874;0,013263;0,012867;0,012768;0,01261;0,013445;0,013052;0,013551;0,012849;0,01247;0,012814;0,013579;0,014091;0,013288;0,013161;0,014358;0,013154;0,013544;0,014063;0,01387;0,013477;0,013961;0,012916;0,014519;0,014186;0,013768;0,014407;0,013944;0,01441;0,014502;0,013754;0,013902;0,01314;0,013281;0,014295;0,014088;0,013298;0,014147;0,013631;0,014558;0,014859;0,013116;0,014642
96;0,012076;0,012382;0,012792;0,012128;0,013184;0,012587;0,01391;0,012934;0,012694;0,012531;0,013569;0,013312;0,01266;0,013726;0,012785;0,013135;0,013045;0,013094;0,013135;0,012698;0,012528;0,015364;0,013069;0,014267;0,012823;0,014295;0,012795;0,01333;0,013496;0,012583;0,013312;0,013535;0,014569;0,013073;0,013062;0,013114;0,013392;0,014364;0,013399;0,013524;0,014087;0,014955;0,015448;0,014201;0,013861;0,014517;0,014795;0,013597;0,015423
97;0,012319;0,012684;0,012749;0,012993;0,012893;0,012752;0,012845;0,012546;0,01301;0,01311;0,013491;0,01234;0,013075;0,013405;0,013144;0,012289;0,012914;0,013161;0,012694;0,012505;0,015124;0,012677;0,01267;0,01346;0,013017;0,01401;0,012673;0,012917;0,014003;0,014072;0,013488;0,014361;0,013478;0,014773;0,013983;0,014515;0,013752;0,013354;0,013715;0,013577;0,014148;0,013574;0,015374;0,012811;0,013392;0,015292;0,014866;0,015333;0,014756
98;0,011908;0,012027;0,012656;0,012952;0,011928;0,011806;0,012687;0,012167;0,01216;0,013064;0,012235;0,012724;0,012755;0,012684;0,014024;0,013452;0,012551;0,011911;0,012701;0,01252;0,014201;0,013075;0,013333;0,013187;0,013109;0,013371;0,013354;0,012663;0,013554;0,013806;0,012986;0,013377;0,013826;0,013585;0,013357;0,013772;0,012905;0,013292;0,013119;0,014602;0,013371;0,013231;0,013292;0,014551;0,014711;0,013752;0,014007;0,01485;0,01485
99;0,012155;0,012259;0,011542;0,011966;0,012545;0,011956;0,012121;0,012667;0,012209;0,01203;0,012242;0,011889;0,013023;0,011963;0,012448;0,012498;0,012286;0,013364;0,012963;0,013805;0,013364;0,013828;0,012717;0,012229;0,013013;0,012794;0,0127;0,013209;0,013512;0,013151;0,013448;0,012916;0,013246;0,013559;0,01399;0,014387;0,012781;0,012818;0,013259;0,014535;0,013778;0,014104;0,012468;0,013182;0,013569;0,015205;0,014794;0,015054;0,014438
100;0,012117;0,011883;0,01183;0,011877;0,01232;0,0119;0,011917;0,01189;0,01295;0,012023;0,01224;0,01253;0,01182;0,01199;0,013333;0,012503;0,01297;0,012403;0,012417;0,012573;0,012107;0,012557;0,013077;0,011657;0,012253;0,013013;0,01367;0,012603;0,012567;0,013817;0,012953;0,01279;0,012983;0,013187;0,012813;0,013677;0,01326;0,01248;0,01266;0,01358;0,013807;0,012743;0,01354;0,013197;0,014097;0,01654;0,013077;0,01325;0,014213
101;0,01194;0,011858;0,012039;0,011884;0,012171;0,012525;0,011591;0,012221;0,011907;0,012729;0,01196;0,012614;0,011901;0,012924;0,01266;0,01194;0,012343;0,012478;0,011944;0,012234;0,013142;0,011904;0,013508;0,013841;0,012521;0,01303;0,013389;0,012109;0,013888;0,012841;0,012832;0,01331;0,012637;0,012277;0,013898;0,013162;0,013138;0,014168;0,013086;0,013581;0,012742;0,012386;0,013469;0,014973;0,012921;0,013693;0,012944;0,013531;0,013419
102;0,011408;0,011644;0,012291;0,011709;0,012039;0,012572;0,011702;0,011637;0,011967;0,012219;0,012052;0,011758;0,01266;0,011866;0,012493;0,01201;0,012379;0,012082;0,012088;0,013451;0,01251;0,012343;0,012082;0,012369;0,012807;0,012889;0,012379;0,012866;0,012412;0,012634;0,012676;0,012794;0,013085;0,012134;0,013301;0,012771;0,012935;0,013686;0,013304;0,013435;0,013412;0,012631;0,01235;0,014104;0,013104;0,014359;0,013944;0,013516;0,013238
103;0,012142;0,011663;0,011553;0,01187;0,011307;0,011903;0,012663;0,011877;0,011647;0,011485;0,012045;0,011692;0,011754;0,011909;0,011544;0,013035;0,012489;0,012;0,012417;0,01255;0,012039;0,011968;0,012751;0,011997;0,01356;0,012709;0,012919;0,013133;0,012537;0,012718;0,012615;0,012142;0,012492;0,013265;0,012692;0,012139;0,013602;0,013246;0,013243;0,013065;0,012689;0,013521;0,012757;0,012417;0,013738;0,013848;0,013534;0,012663;0,013032
104;0,011686;0,012189;0,012109;0,011423;0,012096;0,011381;0,011724;0,011795;0,012509;0,012542;0,011718;0,012397;0,011211;0,011401;0,011718;0,012586;0,011888;0,012372;0,012433;0,012234;0,01167;0,011673;0,012676;0,01208;0,011945;0,012019;0,01183;0,012888;0,013035;0,011997;0,012843;0,012644;0,012288;0,013183;0,012734;0,01309;0,012513;0,012667;0,012641;0,012349;0,012458;0,013471;0,013035;0,013051;0,012865;0,012974;0,012074;0,013026;0,014923
105;0,012451;0,011187;0,011362;0,01126;0,011625;0,011473;0,012343;0,011536;0,011974;0,011552;0,011987;0,011552;0,011949;0,012155;0,012121;0,012378;0,012505;0,011441;0,011428;0,012054;0,012073;0,012451;0,012209;0,012251;0,012587;0,011879;0,01273;0,012355;0,012022;0,01226;0,012521;0,012317;0,012667;0,012203;0,011914;0,014844;0,012743;0,012098;0,013765;0,013908;0,01267;0,013327;0,012587;0,013489;0,012032;0,013041;0,014108;0,014041;0,013492
106;0,011079;0,011399;0,011;0,010912;0,011022;0,01078;0,011556;0,011761;0,012097;0,011865;0,011833;0,012632;0,011173;0,011292;0,012399;0,011817;0,012393;0,012805;0,011751;0,012003;0,012453;0,012578;0,012082;0,012151;0,011943;0,012874;0,013902;0,012192;0,011522;0,012053;0,012245;0,012446;0,012025;0,012604;0,012805;0,012899;0,013028;0,012443;0,012909;0,012327;0,011657;0,012377;0,012044;0,013094;0,013072;0,012663;0,012204;0,012547;0,013912
107;0,010642;0,011564;0,011417;0,01133;0,010981;0,011274;0,011193;0,010919;0,011704;0,01181;0,011153;0,011246;0,01143;0,011598;0,011477;0,012081;0,011286;0,011433;0,011825;0,011922;0,011878;0,011829;0,011947;0,011966;0,012177;0,012053;0,012009;0,012639;0,012221;0,013156;0,012813;0,012548;0,011822;0,012333;0,012339;0,012336;0,013336;0,012866;0,012741;0,012514;0,012299;0,011944;0,012115;0,012511;0,011947;0,01257;0,013947;0,012894;0,013121
108;0,011484;0,01088;0,011383;0,011068;0,011151;0,011657;0,011191;0,01079;0,011648;0,010787;0,01117;0,011614;0,011941;0,011435;0,011185;0,012111;0,011759;0,011605;0,011935;0,011883;0,011697;0,011805;0,011577;0,011846;0,012444;0,01333;0,011716;0,011407;0,012191;0,012336;0,012065;0,011954;0,01242;0,012605;0,013799;0,011972;0,011981;0,012531;0,012861;0,011552;0,011589;0,012059;0,012099;0,012654;0,013355;0,012259;0,011954;0,0135;0,012836
109;0,011349;0,011419;0,011082;0,01133;0,010722;0,010997;0,011596;0,011749;0,010884;0,011168;0,011508;0,011076;0,011144;0,011193;0,011413;0,011498;0,01118;0,012272;0,01152;0,011232;0,011397;0,011587;0,011287;0,011807;0,011694;0,010988;0,011437;0,012046;0,011749;0,012703;0,012012;0,012312;0,011474;0,011786;0,011923;0,012364;0,012159;0,012345;0,012593;0,011556;0,011819;0,012627;0,012982;0,012847;0,012813;0,013278;0,012605;0,012367;0,015229
110;0,010664;0,010867;0,010651;0,011718;0,011615;0,011106;0,011354;0,0115;0,010706;0,011654;0,010888;0,010921;0,011067;0,011345;0,011227;0,0117;0,011451;0,011364;0,011476;0,010757;0,011815;0,011288;0,011891;0,011661;0,011794;0,012103;0,011942;0,011673;0,011;0,011715;0,011973;0,011924;0,012127;0,011436;0,012076;0,012197;0,011991;0,012436;0,012321;0,011782;0,01253;0,011967;0,011376;0,012445;0,012464;0,012954;0,012142;0,0122;0,012036
111;0,010817;0,010715;0,010883;0,010985;0,011207;0,010808;0,011465;0,011793;0,010555;0,010991;0,010928;0,011237;0,011072;0,011027;0,010874;0,010585;0,010832;0,010943;0,01194;0,011471;0,012159;0,012721;0,011099;0,011591;0,011549;0,011447;0,011823;0,012697;0,011655;0,011862;0,011438;0,0113;0,012844;0,012309;0,01179;0,011784;0,012718;0,011955;0,013018;0,012099;0,011438;0,012904;0,011832;0,013087;0,011123;0,011892;0,011534;0,012649;0,012468
112;0,010678;0,010675;0,01025;0,010717;0,010976;0,010693;0,010696;0,010336;0,01122;0,011494;0,010848;0,011428;0,010899;0,011321;0,011464;0,011256;0,011262;0,011015;0,011417;0,01092;0,010732;0,011783;0,0115;0,0113;0,011351;0,010693;0,011661;0,012098;0,012045;0,012137;0,011726;0,012134;0,011271;0,012071;0,01183;0,011223;0,011411;0,011518;0,011717;0,011872;0,013354;0,012664;0,011934;0,012524;0,012512;0,01169;0,011961;0,011717;0,012143
113;0,010764;0,010681;0,010259;0,01087;0,010242;0,010445;0,010265;0,010903;0,010599;0,010233;0,010672;0,01054;0,010838;0,01133;0,01108;0,011307;0,0111;0,011661;0,010799;0,01059;0,010929;0,011758;0,010849;0,011785;0,010906;0,011183;0,011528;0,011321;0,011672;0,011994;0,011855;0,011339;0,013159;0,013136;0,012198;0,011835;0,01264;0,011726;0,012377;0,011929;0,011389;0,012271;0,012077;0,012259;0,012802;0,01208;0,013041;0,01179;0,011746
114;0,010418;0,010295;0,010532;0,010456;0,010602;0,011149;0,010424;0,011102;0,011354;0,010684;0,010541;0,010903;0,010994;0,010798;0,010962;0,01083;0,010877;0,011354;0,011041;0,011418;0,011509;0,011947;0,011196;0,011286;0,011675;0,011216;0,011345;0,011842;0,011599;0,011824;0,012403;0,012485;0,011713;0,010678;0,011468;0,011906;0,011795;0,011851;0,011667;0,012824;0,011857;0,011202;0,012108;0,011538;0,012213;0,011155;0,011596;0,01126;0,011789
115;0,010293;0,010043;0,010049;0,010327;0,010632;0,010383;0,010768;0,011119;0,011139;0,010568;0,010475;0,010687;0,011681;0,010217;0,010594;0,010562;0,010351;0,010617;0,011043;0,010742;0,01078;0,011081;0,01111;0,011809;0,01104;0,011571;0,010965;0,01164;0,011388;0,01091;0,011087;0,01144;0,01189;0,011226;0,01102;0,012345;0,011374;0,012258;0,011754;0,011426;0,011452;0,011823;0,011345;0,01138;0,011533;0,011391;0,011681;0,012281;0,010962
116;0,010417;0,010167;0,010557;0,010753;0,010264;0,010753;0,010419;0,010839;0,011282;0,010382;0,010276;0,011316;0,010649;0,010885;0,011373;0,011468;0,010259;0,010931;0,011238;0,011011;0,010813;0,011256;0,011155;0,010988;0,011589;0,011543;0,010483;0,011379;0,010948;0,011046;0,011236;0,011138;0,011095;0,011155;0,011701;0,011319;0,012043;0,011428;0,011744;0,01202;0,011236;0,012477;0,011842;0,012327;0,011537;0,011339;0,011707;0,011408;0,011911
117;0,01049;0,010379;0,010105;0,010726;0,01008;0,009843;0,010162;0,010476;0,010373;0,01006;0,010424;0,010587;0,010601;0,01102;0,011091;0,010402;0,010453;0,010949;0,010781;0,010752;0,010741;0,010501;0,010843;0,010313;0,010299;0,010595;0,010296;0,010724;0,01088;0,011989;0,010857;0,011592;0,010829;0,01114;0,011832;0,011652;0,012299;0,011496;0,012045;0,010647;0,011376;0,01145;0,011196;0,011325;0,011433;0,012809;0,011077;0,012171;0,011641
118;0,0102;0,009599;0,010155;0,010503;0,01022;0,010435;0,010096;0,010528;0,010511;0,010743;0,011;0,010412;0,010559;0,010941;0,009893;0,010384;0,010147;0,010523;0,011167;0,010941;0,010449;0,010418;0,010692;0,010554;0,011014;0,010353;0,010859;0,010813;0,010788;0,011003;0,010347;0,011579;0,010994;0,012039;0,012031;0,01111;0,011198;0,012209;0,011226;0,012384;0,011121;0,011345;0,011268;0,012039;0,012246;0,01235;0,011912;0,011192;0,011186
119;0,010132;0,010176;0,009969;0,00979;0,010462;0,010106;0,010378;0,010846;0,010199;0,010711;0,011154;0,010168;0,010874;0,010543;0,010594;0,010557;0,010249;0,010196;0,010823;0,010966;0,010644;0,010367;0,011277;0,010795;0,010689;0,010647;0,010829;0,01084;0,010521;0,010795;0,010695;0,012347;0,010409;0,010868;0,011734;0,011213;0,01112;0,010706;0,011532;0,011179;0,012067;0,011473;0,010717;0,010781;0,012062;0,011538;0,012921;0,012081;0,011818
120;0,009833;0,009817;0,009794;0,009978;0,010364;0,009928;0,009905;0,010319;0,010692;0,010058;0,010203;0,010858;0,010317;0,010258;0,010178;0,0107;0,011122;0,010561;0,01;0,010778;0,010533;0,010258;0,011217;0,010317;0,010886;0,010286;0,010228;0,010897;0,010894;0,01043;0,010705;0,010705;0,011078;0,010414;0,010992;0,011044;0,010733;0,011108;0,010805;0,01105;0,0105;0,011169;0,011508;0,011639;0,01098;0,012025;0,010786;0,01083;0,011147
121;0,009782;0,010609;0,010545;0,010446;0,009873;0,010234;0,009964;0,009738;0,010027;0,010284;0,010151;0,010204;0,009975;0,010027;0,010005;0,01062;0,010584;0,01089;0,010328;0,011072;0,010355;0,010168;0,01024;0,010829;0,010859;0,010857;0,010799;0,011319;0,01011;0,010551;0,010132;0,010485;0,010708;0,010724;0,010752;0,010862;0,011443;0,011121;0,010881;0,011146;0,011014;0,011358;0,011964;0,011631;0,010923;0,011011;0,011099;0,01089;0,010892
122;0,009598;0,009585;0,009973;0,009866;0,009642;0,009691;0,010434;0,010762;0,009617;0,010074;0,009891;0,010063;0,010434;0,009579;0,00991;0,010448;0,009702;0,010317;0,010596;0,010478;0,010164;0,010096;0,010044;0,01056;0,010339;0,010661;0,01091;0,011063;0,010582;0,010333;0,010855;0,01065;0,010552;0,010049;0,010235;0,010869;0,010533;0,011251;0,010784;0,01168;0,010888;0,011885;0,010555;0,011522;0,011339;0,011574;0,011158;0,011128;0,011571
123;0,010127;0,009799;0,00961;0,009572;0,009574;0,00997;0,010276;0,009629;0,009992;0,009951;0,00994;0,009545;0,010623;0,011358;0,010377;0,010146;0,010214;0,010168;0,010236;0,011019;0,010561;0,010978;0,010973;0,010683;0,01032;0,00987;0,010932;0,010336;0,010455;0,010583;0,010873;0,011152;0,010065;0,010881;0,010694;0,010686;0,010675;0,011203;0,011114;0,010957;0,011106;0,011079;0,011526;0,010843;0,011035;0,010748;0,010835;0,011333;0,01129
124;0,009427;0,009414;0,009449;0,009613;0,009406;0,009774;0,009849;0,009597;0,010274;0,009398;0,009538;0,009952;0,0099;0,0104;0,010322;0,010056;0,009728;0,010059;0,009723;0,010392;0,010831;0,010247;0,009981;0,009785;0,009847;0,010653;0,010659;0,010188;0,011411;0,011062;0,010559;0,010099;0,009976;0,010435;0,010637;0,010715;0,010739;0,011064;0,010029;0,010726;0,01075;0,010632;0,010406;0,010661;0,010664;0,011021;0,010774;0,011086;0,010435
125;0,009507;0,009587;0,010261;0,009707;0,009715;0,010363;0,009267;0,009315;0,010003;0,00984;0,01;0,009536;0,00988;0,009781;0,009533;0,009637;0,009963;0,010293;0,009683;0,010421;0,009848;0,009947;0,010115;0,009899;0,010267;0,010227;0,011275;0,010643;0,010808;0,011408;0,011291;0,010501;0,010416;0,010197;0,009944;0,010616;0,01072;0,010525;0,010243;0,011296;0,01148;0,011115;0,010763;0,011171;0,011013;0,010413;0,010883;0,011099;0,011192
126;0,009579;0,009333;0,009315;0,010003;0,009704;0,009762;0,010024;0,009926;0,009995;0,00959;0,010164;0,009333;0,009439;0,009865;0,010312;0,00963;0,009574;0,009849;0,009876;0,010093;0,010294;0,009923;0,010907;0,0095;0,009989;0,009934;0,011622;0,009651;0,011307;0,010182;0,009934;0,011116;0,010077;0,010143;0,010873;0,010008;0,01104;0,01023;0,010868;0,010574;0,010407;0,010175;0,010775;0,011227;0,010675;0,010503;0,010865;0,01127;0,011389
127;0,009727;0,009268;0,009029;0,009614;0,00968;0,009601;0,009653;0,009709;0,009732;0,009835;0,009415;0,010399;0,009548;0,009493;0,009651;0,010205;0,009617;0,009814;0,010877;0,010173;0,009651;0,010079;0,009814;0,010071;0,010031;0,010782;0,011142;0,009622;0,011126;0,010352;0,010869;0,010045;0,009656;0,010614;0,009995;0,01037;0,011294;0,010123;0,010499;0,01053;0,010638;0,011459;0,010189;0,0118;0,010312;0,010575;0,010197;0,011331;0,011042
128;0,009279;0,008987;0,009232;0,009242;0,009286;0,010091;0,009276;0,009997;0,009513;0,009745;0,00949;0,009523;0,009325;0,009948;0,009404;0,010388;0,009927;0,009258;0,009479;0,009375;0,009818;0,010685;0,009995;0,010351;0,009807;0,010039;0,009763;0,01049;0,009523;0,01057;0,010622;0,010174;0,010151;0,010016;0,010185;0,010005;0,010003;0,010437;0,010508;0,010409;0,010305;0,010825;0,009766;0,010846;0,010924;0,01006;0,011427;0,010531;0,011989
129;0,009971;0,00922;0,009672;0,009349;0,010046;0,009276;0,009307;0,00992;0,009315;0,009429;0,009351;0,008964;0,010209;0,009395;0,00953;0,00955;0,010065;0,010581;0,009274;0,009796;0,010351;0,00969;0,010349;0,009791;0,009664;0,009437;0,010258;0,010455;0,00954;0,010351;0,009501;0,010101;0,009922;0,010212;0,010783;0,009881;0,010654;0,009842;0,010623;0,010183;0,010287;0,010287;0,009731;0,009961;0,010199;0,011341;0,009982;0,010294;0,010537
130;0,010228;0,009364;0,009026;0,009633;0,009708;0,009482;0,009297;0,009913;0,009546;0,00961;0,009536;0,00932;0,009354;0,009738;0,009767;0,009823;0,009433;0,009526;0,009905;0,009341;0,009823;0,009713;0,009649;0,010408;0,010346;0,010302;0,009674;0,009718;0,009702;0,010077;0,009733;0,01041;0,009605;0,009633;0,010451;0,009885;0,010161;0,009933;0,010556;0,009677;0,010718;0,010374;0,009887;0,010733;0,010561;0,010595;0,00992;0,010372;0,011249
131;0,008796;0,009094;0,009377;0,009008;0,010203;0,009379;0,00957;0,009058;0,009234;0,00915;0,009483;0,009809;0,010219;0,009824;0,009468;0,009715;0,00941;0,009585;0,00944;0,009458;0,009801;0,010237;0,009903;0,00973;0,009522;0,010616;0,010046;0,010631;0,010239;0,009728;0,009865;0,010445;0,010071;0,010089;0,009315;0,010333;0,010058;0,010328;0,01002;0,010318;0,010977;0,009417;0,010234;0,010435;0,01073;0,010432;0,010608;0,010499;0,009659
132;0,008833;0,009202;0,009437;0,009134;0,00948;0,009364;0,009131;0,009298;0,008922;0,008944;0,009053;0,009846;0,010066;0,009533;0,010093;0,009371;0,009381;0,010169;0,009566;0,009558;0,009614;0,009886;0,009391;0,009346;0,009141;0,009194;0,009947;0,009439;0,009379;0,009975;0,00998;0,01022;0,010192;0,009583;0,01076;0,010247;0,010144;0,010119;0,010765;0,010394;0,009609;0,010096;0,010793;0,009869;0,009545;0,009795;0,010149;0,010164;0,010139
133;0,00894;0,008586;0,008937;0,009075;0,00915;0,009153;0,009218;0,008877;0,009466;0,009213;0,009085;0,009872;0,009068;0,009218;0,009632;0,009604;0,009256;0,009356;0,009343;0,009423;0,009504;0,010048;0,009361;0,009554;0,009804;0,009581;0,009586;0,009388;0,010002;0,009915;0,00991;0,010246;0,009511;0,009724;0,009308;0,009554;0,009754;0,010035;0,009892;0,010055;0,010967;0,010321;0,010198;0,010383;0,010225;0,010251;0,009634;0,009835;0,009907
134;0,008846;0,008746;0,00905;0,009393;0,009047;0,008813;0,008644;0,009022;0,00939;0,010172;0,008691;0,009475;0,009575;0,008987;0,009164;0,008898;0,009303;0,009104;0,009157;0,008861;0,009303;0,009371;0,009376;0,009413;0,009669;0,010594;0,009734;0,010089;0,009858;0,010047;0,009905;0,010032;0,009301;0,00949;0,010239;0,009395;0,010239;0,009639;0,009759;0,009741;0,010229;0,010846;0,010353;0,009637;0,01051;0,010117;0,010032;0,010152;0,010487
135;0,008686;0,008797;0,00862;0,008733;0,008993;0,008746;0,009067;0,008721;0,008783;0,009755;0,008894;0,009323;0,009289;0,009459;0,009284;0,00902;0,009096;0,009511;0,008916;0,00976;0,009439;0,009523;0,010079;0,009417;0,009854;0,009701;0,009479;0,010294;0,009711;0,009155;0,009632;0,009131;0,009726;0,009711;0,01;0,009274;0,009852;0,009709;0,010012;0,010459;0,010476;0,010454;0,009847;0,009612;0,010289;0,009904;0,009247;0,009402;0,009691
136;0,008576;0,008441;0,008941;0,008872;0,008522;0,009387;0,00876;0,008848;0,008978;0,009395;0,009235;0,009061;0,009546;0,009424;0,009051;0,009012;0,008975;0,009208;0,009409;0,008985;0,009779;0,009284;0,009382;0,009593;0,009064;0,009243;0,00898;0,009789;0,009828;0,009502;0,009747;0,009164;0,009767;0,009321;0,009346;0,009625;0,010448;0,010348;0,009657;0,009223;0,009527;0,010228;0,009556;0,010046;0,009895;0,01011;0,009963;0,009537;0,00999
137;0,008324;0,008752;0,008557;0,008618;0,008854;0,00874;0,008968;0,00983;0,009574;0,008467;0,008985;0,009197;0,009494;0,008995;0,008903;0,008903;0,008749;0,009231;0,009781;0,009161;0,008915;0,008951;0,00917;0,009336;0,009409;0,009209;0,009219;0,009747;0,009577;0,009708;0,009618;0,009384;0,009146;0,009511;0,010141;0,009382;0,008946;0,009377;0,009664;0,009742;0,010212;0,009822;0,009221;0,010185;0,009944;0,009723;0,010075;0,010053;0,010265
