Visitors=3,Pages=10

N,D,Popular Page Rank
10,0.5,0.15
10,0.6,0.148148
10,0.7,0.15
10,0.8,0.2
10,0.9,0.166667
10,1,0.15
11,0.5,0.141667
11,0.6,0.158333
11,0.7,0.183333
11,0.8,0.158333
11,0.9,0.133333
11,1,0.152778
12,0.5,0.127451
12,0.6,0.123457
12,0.7,0.133333
12,0.8,0.135802
12,0.9,0.142857
12,1,0.133333
13,0.5,0.133333
13,0.6,0.1
13,0.7,0.133333
13,0.8,0.137255
13,0.9,0.127451
13,1,0.127451
14,0.5,0.116667
14,0.6,0.116667
14,0.7,0.133333
14,0.8,0.111111
14,0.9,0.141667
14,1,0.15
15,0.5,0.111111
15,0.6,0.111111
15,0.7,0.111111
15,0.8,0.1
15,0.9,0.141667
15,1,0.133333
16,0.5,0.11828
16,0.6,0.125
16,0.7,0.0980392
16,0.8,0.133333
16,0.9,0.183333
16,1,0.125
17,0.5,0.1
17,0.6,0.1
17,0.7,0.1
17,0.8,0.111111
17,0.9,0.111111
17,1,0.117647
18,0.5,0.116667
18,0.6,0.1
18,0.7,0.116667
18,0.8,0.111111
18,0.9,0.1
18,1,0.116667
19,0.5,0.111111
19,0.6,0.1
19,0.7,0.1
19,0.8,0.111111
19,0.9,0.111111
19,1,0.133333
20,0.5,0.101449
20,0.6,0.111111
20,0.7,0.0833333
20,0.8,0.133333
20,0.9,0.1
20,1,0.1
21,0.5,0.1
21,0.6,0.111111
21,0.7,0.1
21,0.8,0.0833333
21,0.9,0.1
21,1,0.1
22,0.5,0.1
22,0.6,0.1
22,0.7,0.0972222
22,0.8,0.111111
22,0.9,0.111111
22,1,0.111111
23,0.5,0.1
23,0.6,0.1
23,0.7,0.0972222
23,0.8,0.0972222
23,0.9,0.1
23,1,0.1
24,0.5,0.1
24,0.6,0.0990991
24,0.7,0.0666667
24,0.8,0.1
24,0.9,0.1
24,1,0.1
25,0.5,0.0972222
25,0.6,0.1
25,0.7,0.1
25,0.8,0.0833333
25,0.9,0.0972222
25,1,0.0833333
26,0.5,0.1
26,0.6,0.1
26,0.7,0.1
26,0.8,0.1
26,0.9,0.0833333
26,1,0.1
27,0.5,0.1
27,0.6,0.1
27,0.7,0.1
27,0.8,0.0972222
27,0.9,0.1
27,1,0.0833333
28,0.5,0.0833333
28,0.6,0.106667
28,0.7,0.0833333
28,0.8,0.0833333
28,0.9,0.0833333
28,1,0.0666667
29,0.5,0.0833333
29,0.6,0.0833333
29,0.7,0.0833333
29,0.8,0.0833333
29,0.9,0.1
29,1,0.0833333
30,0.5,0.0666667
30,0.6,0.0666667
30,0.7,0.1
30,0.8,0.1
30,0.9,0.0666667
30,1,0.0833333
31,0.5,0.0833333
31,0.6,0.0833333
31,0.7,0.0833333
31,0.8,0.0833333
31,0.9,0.0833333
31,1,0.0833333
32,0.5,0.0666667
32,0.6,0.1
32,0.7,0.0833333
32,0.8,0.0666667
32,0.9,0.1
32,1,0.1
33,0.5,0.0666667
33,0.6,0.0666667
33,0.7,0.0833333
33,0.8,0.0833333
33,0.9,0.0666667
33,1,0.0666667
34,0.5,0.0666667
34,0.6,0.0833333
34,0.7,0.0666667
34,0.8,0.0833333
34,0.9,0.0833333
34,1,0.05
35,0.5,0.0833333
35,0.6,0.0833333
35,0.7,0.0833333
35,0.8,0.0666667
35,0.9,0.0833333
35,1,0.1
36,0.5,0.0666667
36,0.6,0.0833333
36,0.7,0.0833333
36,0.8,0.0666667
36,0.9,0.0833333
36,1,0.0666667
37,0.5,0.1
37,0.6,0.0833333
37,0.7,0.0666667
37,0.8,0.0666667
37,0.9,0.0833333
37,1,0.0833333
38,0.5,0.0666667
38,0.6,0.05
38,0.7,0.0833333
38,0.8,0.0833333
38,0.9,0.0833333
38,1,0.0833333
39,0.5,0.0666667
39,0.6,0.0666667
39,0.7,0.0666667
39,0.8,0.0833333
39,0.9,0.1
39,1,0.0833333
40,0.5,0.0833333
40,0.6,0.05
40,0.7,0.0666667
40,0.8,0.0833333
40,0.9,0.0833333
40,1,0.0833333
41,0.5,0.0666667
41,0.6,0.0833333
41,0.7,0.0833333
41,0.8,0.0833333
41,0.9,0.0833333
41,1,0.0666667
42,0.5,0.1
42,0.6,0.05
42,0.7,0.0666667
42,0.8,0.0666667
42,0.9,0.0833333
42,1,0.0833333
43,0.5,0.0833333
43,0.6,0.0666667
43,0.7,0.0833333
43,0.8,0.0666667
43,0.9,0.0833333
43,1,0.0666667
44,0.5,0.0666667
44,0.6,0.05
44,0.7,0.0666667
44,0.8,0.0666667
44,0.9,0.1
44,1,0.0666667
45,0.5,0.0666667
45,0.6,0.1
45,0.7,0.05
45,0.8,0.0833333
45,0.9,0.05
45,1,0.0666667
46,0.5,0.0833333
46,0.6,0.0666667
46,0.7,0.1
46,0.8,0.0666667
46,0.9,0.1
46,1,0.0666667
47,0.5,0.0833333
47,0.6,0.0666667
47,0.7,0.0666667
47,0.8,0.0833333
47,0.9,0.0833333
47,1,0.0666667
48,0.5,0.0972222
48,0.6,0.05
48,0.7,0.0833333
48,0.8,0.0833333
48,0.9,0.0666667
48,1,0.0833333
49,0.5,0.0666667
49,0.6,0.0833333
49,0.7,0.047619
49,0.8,0.0666667
49,0.9,0.1
49,1,0.0666667
50,0.5,0.0666667
50,0.6,0.0833333
50,0.7,0.047619
50,0.8,0.0666667
50,0.9,0.0666667
50,1,0.05
51,0.5,0.0666667
51,0.6,0.0972222
51,0.7,0.05
51,0.8,0.0833333
51,0.9,0.0833333
51,1,0.0833333
52,0.5,0.0833333
52,0.6,0.0666667
52,0.7,0.0666667
52,0.8,0.047619
52,0.9,0.05
52,1,0.047619
53,0.5,0.0666667
53,0.6,0.05
53,0.7,0.0666667
53,0.8,0.0833333
53,0.9,0.0666667
53,1,0.0666667
54,0.5,0.0666667
54,0.6,0.1
54,0.7,0.0666667
54,0.8,0.05
54,0.9,0.0666667
54,1,0.1
55,0.5,0.05
55,0.6,0.0833333
55,0.7,0.0666667
55,0.8,0.0833333
55,0.9,0.05
55,1,0.0833333
56,0.5,0.05
56,0.6,0.0666667
56,0.7,0.0666667
56,0.8,0.047619
56,0.9,0.05
56,1,0.0666667
57,0.5,0.0833333
57,0.6,0.0666667
57,0.7,0.0833333
57,0.8,0.05
57,0.9,0.0666667
57,1,0.05
58,0.5,0.05
58,0.6,0.0666667
58,0.7,0.0666667
58,0.8,0.0666667
58,0.9,0.0833333
58,1,0.05
59,0.5,0.0666667
59,0.6,0.0666667
59,0.7,0.0666667
59,0.8,0.0666667
59,0.9,0.05
59,1,0.0666667
60,0.5,0.05
60,0.6,0.0666667
60,0.7,0.0666667
60,0.8,0.1
60,0.9,0.0666667
60,1,0.05
61,0.5,0.05
61,0.6,0.0666667
61,0.7,0.05
61,0.8,0.05
61,0.9,0.0666667
61,1,0.05
62,0.5,0.0666667
62,0.6,0.0666667
62,0.7,0.0666667
62,0.8,0.05
62,0.9,0.0666667
62,1,0.0666667
63,0.5,0.047619
63,0.6,0.0666667
63,0.7,0.05
63,0.8,0.0833333
63,0.9,0.05
63,1,0.0833333
64,0.5,0.0666667
64,0.6,0.05
64,0.7,0.1
64,0.8,0.0666667
64,0.9,0.05
64,1,0.0833333
65,0.5,0.05
65,0.6,0.0666667
65,0.7,0.0833333
65,0.8,0.05
65,0.9,0.0666667
65,1,0.0666667
66,0.5,0.0666667
66,0.6,0.05
66,0.7,0.0666667
66,0.8,0.05
66,0.9,0.0666667
66,1,0.05
67,0.5,0.0666667
67,0.6,0.047619
67,0.7,0.0666667
67,0.8,0.05
67,0.9,0.0833333
67,1,0.05
68,0.5,0.0666667
68,0.6,0.047619
68,0.7,0.047619
68,0.8,0.0666667
68,0.9,0.0833333
68,1,0.05
69,0.5,0.0666667
69,0.6,0.05
69,0.7,0.05
69,0.8,0.047619
69,0.9,0.0666667
69,1,0.0666667
70,0.5,0.0666667
70,0.6,0.05
70,0.7,0.0666667
70,0.8,0.047619
70,0.9,0.05
70,1,0.0666667
71,0.5,0.1
71,0.6,0.047619
71,0.7,0.047619
71,0.8,0.0666667
71,0.9,0.047619
71,1,0.0666667
72,0.5,0.0666667
72,0.6,0.0666667
72,0.7,0.0666667
72,0.8,0.1
72,0.9,0.0666667
72,1,0.05
73,0.5,0.0666667
73,0.6,0.047619
73,0.7,0.0666667
73,0.8,0.05
73,0.9,0.0666667
73,1,0.047619
74,0.5,0.05
74,0.6,0.0833333
74,0.7,0.0666667
74,0.8,0.0833333
74,0.9,0.0666667
74,1,0.05
75,0.5,0.05
75,0.6,0.05
75,0.7,0.0666667
75,0.8,0.0666667
75,0.9,0.047619
75,1,0.05
76,0.5,0.047619
76,0.6,0.0666667
76,0.7,0.047619
76,0.8,0.047619
76,0.9,0.05
76,1,0.05
77,0.5,0.05
77,0.6,0.047619
77,0.7,0.047619
77,0.8,0.0666667
77,0.9,0.047619
77,1,0.0666667
78,0.5,0.0666667
78,0.6,0.047619
78,0.7,0.05
78,0.8,0.047619
78,0.9,0.05
78,1,0.047619
79,0.5,0.047619
79,0.6,0.047619
79,0.7,0.05
79,0.8,0.05
79,0.9,0.047619
79,1,0.0666667
80,0.5,0.0666667
80,0.6,0.0833333
80,0.7,0.047619
80,0.8,0.047619
80,0.9,0.0833333
80,1,0.05
81,0.5,0.0833333
81,0.6,0.047619
81,0.7,0.047619
81,0.8,0.047619
81,0.9,0.05
81,1,0.047619
82,0.5,0.05
82,0.6,0.05
82,0.7,0.0666667
82,0.8,0.047619
82,0.9,0.047619
82,1,0.047619
83,0.5,0.0833333
83,0.6,0.05
83,0.7,0.0666667
83,0.8,0.047619
83,0.9,0.0666667
83,1,0.047619
84,0.5,0.05
84,0.6,0.047619
84,0.7,0.05
84,0.8,0.047619
84,0.9,0.0666667
84,1,0.047619
85,0.5,0.05
85,0.6,0.05
85,0.7,0.05
85,0.8,0.0666667
85,0.9,0.0666667
85,1,0.047619
86,0.5,0.047619
86,0.6,0.05
86,0.7,0.05
86,0.8,0.047619
86,0.9,0.0666667
86,1,0.0666667
87,0.5,0.047619
87,0.6,0.047619
87,0.7,0.047619
87,0.8,0.05
87,0.9,0.05
87,1,0.0666667
88,0.5,0.0666667
88,0.6,0.047619
88,0.7,0.047619
88,0.8,0.05
88,0.9,0.05
88,1,0.047619
89,0.5,0.0666667
89,0.6,0.05
89,0.7,0.05
89,0.8,0.05
89,0.9,0.0666667
89,1,0.05
90,0.5,0.047619
90,0.6,0.05
90,0.7,0.0666667
90,0.8,0.0666667
90,0.9,0.047619
90,1,0.047619
91,0.5,0.0666667
91,0.6,0.047619
91,0.7,0.047619
91,0.8,0.0666667
91,0.9,0.05
91,1,0.047619
92,0.5,0.05
92,0.6,0.0666667
92,0.7,0.05
92,0.8,0.047619
92,0.9,0.047619
92,1,0.05
93,0.5,0.0666667
93,0.6,0.05
93,0.7,0.047619
93,0.8,0.047619
93,0.9,0.05
93,1,0.05
94,0.5,0.05
94,0.6,0.05
94,0.7,0.047619
94,0.8,0.05
94,0.9,0.05
94,1,0.047619
95,0.5,0.05
95,0.6,0.05
95,0.7,0.047619
95,0.8,0.05
95,0.9,0.047619
95,1,0.047619
96,0.5,0.047619
96,0.6,0.0666667
96,0.7,0.05
96,0.8,0.047619
96,0.9,0.047619
96,1,0.047619
97,0.5,0.047619
97,0.6,0.05
97,0.7,0.047619
97,0.8,0.047619
97,0.9,0.05
97,1,0.1
98,0.5,0.047619
98,0.6,0.0666667
98,0.7,0.0666667
98,0.8,0.047619
98,0.9,0.047619
98,1,0.047619
99,0.5,0.05
99,0.6,0.0666667
99,0.7,0.05
99,0.8,0.047619
99,0.9,0.0666667
99,1,0.05
100,0.5,0.047619
100,0.6,0.047619
100,0.7,0.0666667
100,0.8,0.0666667
100,0.9,0.047619
100,1,0.047619
101,0.5,0.047619
101,0.6,0.05
101,0.7,0.0666667
101,0.8,0.047619
101,0.9,0.047619
101,1,0.0666667
102,0.5,0.047619
102,0.6,0.047619
102,0.7,0.047619
102,0.8,0.05
102,0.9,0.047619
102,1,0.05
103,0.5,0.047619
103,0.6,0.05
103,0.7,0.05
103,0.8,0.047619
103,0.9,0.047619
103,1,0.047619
104,0.5,0.05
104,0.6,0.05
104,0.7,0.047619
104,0.8,0.05
104,0.9,0.05
104,1,0.05
105,0.5,0.047619
105,0.6,0.047619
105,0.7,0.05
105,0.8,0.05
105,0.9,0.05
105,1,0.047619
106,0.5,0.05
106,0.6,0.047619
106,0.7,0.047619
106,0.8,0.047619
106,0.9,0.05
106,1,0.047619
107,0.5,0.047619
107,0.6,0.05
107,0.7,0.047619
107,0.8,0.047619
107,0.9,0.047619
107,1,0.05
108,0.5,0.047619
108,0.6,0.0666667
108,0.7,0.047619
108,0.8,0.047619
108,0.9,0.047619
108,1,0.047619
109,0.5,0.047619
109,0.6,0.047619
109,0.7,0.047619
109,0.8,0.047619
109,0.9,0.047619
109,1,0.047619
110,0.5,0.047619
110,0.6,0.047619
110,0.7,0.0666667
110,0.8,0.0666667
110,0.9,0.05
110,1,0.047619
111,0.5,0.047619
111,0.6,0.047619
111,0.7,0.047619
111,0.8,0.047619
111,0.9,0.047619
111,1,0.047619
112,0.5,0.05
112,0.6,0.05
112,0.7,0.047619
112,0.8,0.05
112,0.9,0.047619
112,1,0.047619
113,0.5,0.047619
113,0.6,0.047619
113,0.7,0.05
113,0.8,0.0666667
113,0.9,0.047619
113,1,0.047619
114,0.5,0.047619
114,0.6,0.0666667
114,0.7,0.047619
114,0.8,0.047619
114,0.9,0.05
114,1,0.05
115,0.5,0.047619
115,0.6,0.047619
115,0.7,0.05
115,0.8,0.047619
115,0.9,0.047619
115,1,0.047619
116,0.5,0.047619
116,0.6,0.047619
116,0.7,0.047619
116,0.8,0.05
116,0.9,0.047619
116,1,0.047619
117,0.5,0.05
117,0.6,0.047619
117,0.7,0.047619
117,0.8,0.05
117,0.9,0.05
117,1,0.047619
118,0.5,0.05
118,0.6,0.047619
118,0.7,0.047619
118,0.8,0.047619
118,0.9,0.047619
118,1,0.047619
119,0.5,0.047619
119,0.6,0.05
119,0.7,0.05
119,0.8,0.047619
119,0.9,0.047619
119,1,0.047619
120,0.5,0.047619
120,0.6,0.047619
120,0.7,0.0666667
120,0.8,0.047619
120,0.9,0.05
120,1,0.05
121,0.5,0.05
121,0.6,0.047619
121,0.7,0.05
121,0.8,0.047619
121,0.9,0.05
121,1,0.047619
122,0.5,0.05
122,0.6,0.047619
122,0.7,0.0666667
122,0.8,0.047619
122,0.9,0.047619
122,1,0.05
123,0.5,0.047619
123,0.6,0.047619
123,0.7,0.047619
123,0.8,0.047619
123,0.9,0.047619
123,1,0.047619
124,0.5,0.047619
124,0.6,0.047619
124,0.7,0.047619
124,0.8,0.047619
124,0.9,0.05
124,1,0.05
125,0.5,0.047619
125,0.6,0.047619
125,0.7,0.047619
125,0.8,0.0666667
125,0.9,0.047619
125,1,0.05
126,0.5,0.0666667
126,0.6,0.05
126,0.7,0.047619
126,0.8,0.047619
126,0.9,0.047619
126,1,0.05
127,0.5,0.047619
127,0.6,0.05
127,0.7,0.047619
127,0.8,0.05
127,0.9,0.0666667
127,1,0.047619
128,0.5,0.05
128,0.6,0.05
128,0.7,0.047619
128,0.8,0.047619
128,0.9,0.047619
128,1,0.047619
129,0.5,0.047619
129,0.6,0.047619
129,0.7,0.05
129,0.8,0.047619
129,0.9,0.05
129,1,0.047619
130,0.5,0.047619
130,0.6,0.047619
130,0.7,0.0666667
130,0.8,0.05
130,0.9,0.047619
130,1,0.05
131,0.5,0.047619
131,0.6,0.0666667
131,0.7,0.0666667
131,0.8,0.05
131,0.9,0.047619
131,1,0.047619
132,0.5,0.047619
132,0.6,0.05
132,0.7,0.047619
132,0.8,0.05
132,0.9,0.05
132,1,0.047619
133,0.5,0.05
133,0.6,0.047619
133,0.7,0.047619
133,0.8,0.047619
133,0.9,0.05
133,1,0.047619
134,0.5,0.047619
134,0.6,0.0666667
134,0.7,0.047619
134,0.8,0.05
134,0.9,0.047619
134,1,0.047619
135,0.5,0.05
135,0.6,0.05
135,0.7,0.047619
135,0.8,0.05
135,0.9,0.0666667
135,1,0.047619
136,0.5,0.05
136,0.6,0.05
136,0.7,0.05
136,0.8,0.047619
136,0.9,0.047619
136,1,0.05
137,0.5,0.047619
137,0.6,0.047619
137,0.7,0.047619
137,0.8,0.05
137,0.9,0.047619
137,1,0.047619
138,0.5,0.047619
138,0.6,0.047619
138,0.7,0.05
138,0.8,0.047619
138,0.9,0.05
138,1,0.047619
139,0.5,0.047619
139,0.6,0.047619
139,0.7,0.05
139,0.8,0.05
139,0.9,0.05
139,1,0.047619
140,0.5,0.05
140,0.6,0.047619
140,0.7,0.05
140,0.8,0.05
140,0.9,0.047619
140,1,0.05
141,0.5,0.047619
141,0.6,0.05
141,0.7,0.05
141,0.8,0.047619
141,0.9,0.05
141,1,0.047619
142,0.5,0.047619
142,0.6,0.047619
142,0.7,0.047619
142,0.8,0.047619
142,0.9,0.047619
142,1,0.047619
143,0.5,0.047619
143,0.6,0.05
143,0.7,0.05
143,0.8,0.047619
143,0.9,0.05
143,1,0.047619
144,0.5,0.0666667
144,0.6,0.047619
144,0.7,0.047619
144,0.8,0.05
144,0.9,0.0833333
144,1,0.05
145,0.5,0.047619
145,0.6,0.047619
145,0.7,0.047619
145,0.8,0.05
145,0.9,0.047619
145,1,0.047619
146,0.5,0.047619
146,0.6,0.05
146,0.7,0.047619
146,0.8,0.05
146,0.9,0.05
146,1,0.05
147,0.5,0.05
147,0.6,0.05
147,0.7,0.0666667
147,0.8,0.047619
147,0.9,0.05
147,1,0.047619
148,0.5,0.05
148,0.6,0.047619
148,0.7,0.047619
148,0.8,0.047619
148,0.9,0.047619
148,1,0.047619
149,0.5,0.047619
149,0.6,0.0666667
149,0.7,0.05
149,0.8,0.047619
149,0.9,0.047619
149,1,0.05
150,0.5,0.05
150,0.6,0.047619
150,0.7,0.047619
150,0.8,0.047619
150,0.9,0.05
150,1,0.05
151,0.5,0.047619
151,0.6,0.047619
151,0.7,0.05
151,0.8,0.0666667
151,0.9,0.047619
151,1,0.047619
152,0.5,0.047619
152,0.6,0.047619
152,0.7,0.0666667
152,0.8,0.047619
152,0.9,0.047619
152,1,0.047619
153,0.5,0.047619
153,0.6,0.047619
153,0.7,0.047619
153,0.8,0.047619
153,0.9,0.047619
153,1,0.047619
154,0.5,0.047619
154,0.6,0.047619
154,0.7,0.05
154,0.8,0.05
154,0.9,0.047619
154,1,0.047619
155,0.5,0.047619
155,0.6,0.047619
155,0.7,0.05
155,0.8,0.047619
155,0.9,0.047619
155,1,0.047619
156,0.5,0.047619
156,0.6,0.047619
156,0.7,0.047619
156,0.8,0.047619
156,0.9,0.05
156,1,0.05
157,0.5,0.0833333
157,0.6,0.047619
157,0.7,0.0666667
157,0.8,0.047619
157,0.9,0.047619
157,1,0.0666667
158,0.5,0.05
158,0.6,0.047619
158,0.7,0.047619
158,0.8,0.047619
158,0.9,0.05
158,1,0.047619
159,0.5,0.0666667
159,0.6,0.047619
159,0.7,0.047619
159,0.8,0.047619
159,0.9,0.047619
159,1,0.047619
160,0.5,0.047619
160,0.6,0.05
160,0.7,0.047619
160,0.8,0.05
160,0.9,0.0666667
160,1,0.047619
161,0.5,0.047619
161,0.6,0.047619
161,0.7,0.047619
161,0.8,0.047619
161,0.9,0.047619
161,1,0.05
162,0.5,0.047619
162,0.6,0.05
162,0.7,0.047619
162,0.8,0.047619
162,0.9,0.047619
162,1,0.047619
163,0.5,0.047619
163,0.6,0.047619
163,0.7,0.047619
163,0.8,0.05
163,0.9,0.047619
163,1,0.047619
164,0.5,0.05
164,0.6,0.047619
164,0.7,0.0666667
164,0.8,0.047619
164,0.9,0.05
164,1,0.047619
165,0.5,0.047619
165,0.6,0.0666667
165,0.7,0.047619
165,0.8,0.047619
165,0.9,0.047619
165,1,0.05
166,0.5,0.047619
166,0.6,0.05
166,0.7,0.0666667
166,0.8,0.047619
166,0.9,0.05
166,1,0.05
167,0.5,0.047619
167,0.6,0.047619
167,0.7,0.047619
167,0.8,0.047619
167,0.9,0.047619
167,1,0.047619
168,0.5,0.047619
168,0.6,0.05
168,0.7,0.0666667
168,0.8,0.0666667
168,0.9,0.047619
168,1,0.047619
169,0.5,0.047619
169,0.6,0.047619
169,0.7,0.05
169,0.8,0.05
169,0.9,0.047619
169,1,0.05
170,0.5,0.047619
170,0.6,0.047619
170,0.7,0.047619
170,0.8,0.047619
170,0.9,0.047619
170,1,0.05
171,0.5,0.047619
171,0.6,0.0666667
171,0.7,0.047619
171,0.8,0.047619
171,0.9,0.047619
171,1,0.047619
172,0.5,0.047619
172,0.6,0.05
172,0.7,0.047619
172,0.8,0.047619
172,0.9,0.047619
172,1,0.047619
173,0.5,0.047619
173,0.6,0.047619
173,0.7,0.047619
173,0.8,0.0666667
173,0.9,0.047619
173,1,0.047619
174,0.5,0.047619
174,0.6,0.047619
174,0.7,0.0666667
174,0.8,0.05
174,0.9,0.047619
174,1,0.047619
175,0.5,0.047619
175,0.6,0.047619
175,0.7,0.047619
175,0.8,0.047619
175,0.9,0.047619
175,1,0.047619
176,0.5,0.047619
176,0.6,0.047619
176,0.7,0.047619
176,0.8,0.05
176,0.9,0.047619
176,1,0.047619
177,0.5,0.047619
177,0.6,0.047619
177,0.7,0.047619
177,0.8,0.047619
177,0.9,0.047619
177,1,0.047619
178,0.5,0.047619
178,0.6,0.047619
178,0.7,0.047619
178,0.8,0.047619
178,0.9,0.05
178,1,0.047619
179,0.5,0.047619
179,0.6,0.047619
179,0.7,0.05
179,0.8,0.047619
179,0.9,0.047619
179,1,0.047619
180,0.5,0.047619
180,0.6,0.047619
180,0.7,0.047619
180,0.8,0.047619
180,0.9,0.047619
180,1,0.047619
181,0.5,0.047619
181,0.6,0.047619
181,0.7,0.047619
181,0.8,0.047619
181,0.9,0.05
181,1,0.047619
182,0.5,0.047619
182,0.6,0.047619
182,0.7,0.047619
182,0.8,0.047619
182,0.9,0.05
182,1,0.047619
183,0.5,0.047619
183,0.6,0.047619
183,0.7,0.047619
183,0.8,0.047619
183,0.9,0.047619
183,1,0.047619
184,0.5,0.047619
184,0.6,0.047619
184,0.7,0.047619
184,0.8,0.047619
184,0.9,0.047619
184,1,0.047619
185,0.5,0.047619
185,0.6,0.047619
185,0.7,0.047619
185,0.8,0.047619
185,0.9,0.05
185,1,0.047619
186,0.5,0.047619
186,0.6,0.047619
186,0.7,0.047619
186,0.8,0.047619
186,0.9,0.047619
186,1,0.047619
187,0.5,0.047619
187,0.6,0.047619
187,0.7,0.047619
187,0.8,0.0666667
187,0.9,0.047619
187,1,0.047619
188,0.5,0.047619
188,0.6,0.047619
188,0.7,0.047619
188,0.8,0.047619
188,0.9,0.05
188,1,0.05
189,0.5,0.047619
189,0.6,0.047619
189,0.7,0.047619
189,0.8,0.047619
189,0.9,0.047619
189,1,0.05
190,0.5,0.047619
190,0.6,0.047619
190,0.7,0.047619
190,0.8,0.047619
190,0.9,0.047619
190,1,0.047619
191,0.5,0.047619
191,0.6,0.047619
191,0.7,0.047619
191,0.8,0.047619
191,0.9,0.047619
191,1,0.047619
192,0.5,0.047619
192,0.6,0.047619
192,0.7,0.047619
192,0.8,0.047619
192,0.9,0.047619
192,1,0.047619
193,0.5,0.05
193,0.6,0.047619
193,0.7,0.05
193,0.8,0.047619
193,0.9,0.047619
193,1,0.047619
194,0.5,0.047619
194,0.6,0.047619
194,0.7,0.047619
194,0.8,0.047619
194,0.9,0.05
194,1,0.05
195,0.5,0.047619
195,0.6,0.047619
195,0.7,0.047619
195,0.8,0.047619
195,0.9,0.047619
195,1,0.047619
196,0.5,0.047619
196,0.6,0.047619
196,0.7,0.047619
196,0.8,0.047619
196,0.9,0.05
196,1,0.05
197,0.5,0.047619
197,0.6,0.047619
197,0.7,0.047619
197,0.8,0.047619
197,0.9,0.047619
197,1,0.047619
198,0.5,0.047619
198,0.6,0.047619
198,0.7,0.047619
198,0.8,0.047619
198,0.9,0.047619
198,1,0.047619
199,0.5,0.047619
199,0.6,0.047619
199,0.7,0.047619
199,0.8,0.0666667
199,0.9,0.047619
199,1,0.047619
200,0.5,0.047619
200,0.6,0.047619
200,0.7,0.047619
200,0.8,0.047619
200,0.9,0.047619
200,1,0.047619
201,0.5,0.047619
201,0.6,0.05
201,0.7,0.047619
201,0.8,0.047619
201,0.9,0.047619
201,1,0.047619
202,0.5,0.047619
202,0.6,0.047619
202,0.7,0.0666667
202,0.8,0.05
202,0.9,0.047619
202,1,0.047619
203,0.5,0.047619
203,0.6,0.047619
203,0.7,0.047619
203,0.8,0.047619
203,0.9,0.047619
203,1,0.047619
204,0.5,0.047619
204,0.6,0.047619
204,0.7,0.047619
204,0.8,0.05
204,0.9,0.0666667
204,1,0.047619
205,0.5,0.047619
205,0.6,0.047619
205,0.7,0.047619
205,0.8,0.047619
205,0.9,0.047619
205,1,0.047619
206,0.5,0.05
206,0.6,0.047619
206,0.7,0.047619
206,0.8,0.047619
206,0.9,0.047619
206,1,0.047619
207,0.5,0.047619
207,0.6,0.047619
207,0.7,0.047619
207,0.8,0.047619
207,0.9,0.047619
207,1,0.047619
208,0.5,0.047619
208,0.6,0.05
208,0.7,0.047619
208,0.8,0.047619
208,0.9,0.05
208,1,0.047619
209,0.5,0.047619
209,0.6,0.047619
209,0.7,0.047619
209,0.8,0.05
209,0.9,0.047619
209,1,0.047619
210,0.5,0.047619
210,0.6,0.047619
210,0.7,0.047619
210,0.8,0.047619
210,0.9,0.047619
210,1,0.047619
211,0.5,0.047619
211,0.6,0.047619
211,0.7,0.05
211,0.8,0.047619
211,0.9,0.047619
211,1,0.047619
212,0.5,0.047619
212,0.6,0.05
212,0.7,0.05
212,0.8,0.047619
212,0.9,0.047619
212,1,0.047619
213,0.5,0.047619
213,0.6,0.047619
213,0.7,0.047619
213,0.8,0.047619
213,0.9,0.047619
213,1,0.047619
214,0.5,0.047619
214,0.6,0.047619
214,0.7,0.047619
214,0.8,0.047619
214,0.9,0.047619
214,1,0.047619
215,0.5,0.05
215,0.6,0.047619
215,0.7,0.047619
215,0.8,0.047619
215,0.9,0.047619
215,1,0.047619
216,0.5,0.047619
216,0.6,0.047619
216,0.7,0.047619
216,0.8,0.05
216,0.9,0.047619
216,1,0.05
217,0.5,0.047619
217,0.6,0.047619
217,0.7,0.047619
217,0.8,0.047619
217,0.9,0.047619
217,1,0.047619
218,0.5,0.047619
218,0.6,0.047619
218,0.7,0.047619
218,0.8,0.047619
218,0.9,0.05
218,1,0.047619
219,0.5,0.047619
219,0.6,0.047619
219,0.7,0.047619
219,0.8,0.047619
219,0.9,0.047619
219,1,0.047619
220,0.5,0.047619
220,0.6,0.047619
220,0.7,0.047619
220,0.8,0.047619
220,0.9,0.047619
220,1,0.047619
221,0.5,0.05
221,0.6,0.047619
221,0.7,0.047619
221,0.8,0.047619
221,0.9,0.047619
221,1,0.05
222,0.5,0.047619
222,0.6,0.047619
222,0.7,0.047619
222,0.8,0.047619
222,0.9,0.047619
222,1,0.047619
223,0.5,0.047619
223,0.6,0.047619
223,0.7,0.047619
223,0.8,0.047619
223,0.9,0.047619
223,1,0.047619
224,0.5,0.05
224,0.6,0.047619
224,0.7,0.047619
224,0.8,0.047619
224,0.9,0.05
224,1,0.047619
225,0.5,0.047619
225,0.6,0.047619
225,0.7,0.047619
225,0.8,0.047619
225,0.9,0.047619
225,1,0.047619
226,0.5,0.047619
226,0.6,0.047619
226,0.7,0.047619
226,0.8,0.047619
226,0.9,0.05
226,1,0.047619
227,0.5,0.047619
227,0.6,0.047619
227,0.7,0.047619
227,0.8,0.047619
227,0.9,0.047619
227,1,0.047619
228,0.5,0.047619
228,0.6,0.047619
228,0.7,0.047619
228,0.8,0.047619
228,0.9,0.047619
228,1,0.047619
229,0.5,0.047619
229,0.6,0.047619
229,0.7,0.047619
229,0.8,0.047619
229,0.9,0.047619
229,1,0.047619
230,0.5,0.047619
230,0.6,0.047619
230,0.7,0.047619
230,0.8,0.047619
230,0.9,0.047619
230,1,0.047619
231,0.5,0.047619
231,0.6,0.05
231,0.7,0.047619
231,0.8,0.047619
231,0.9,0.047619
231,1,0.047619
232,0.5,0.047619
232,0.6,0.047619
232,0.7,0.047619
232,0.8,0.047619
232,0.9,0.047619
232,1,0.047619
233,0.5,0.047619
233,0.6,0.047619
233,0.7,0.047619
233,0.8,0.047619
233,0.9,0.047619
233,1,0.047619
234,0.5,0.047619
234,0.6,0.047619
234,0.7,0.047619
234,0.8,0.047619
234,0.9,0.05
234,1,0.05
235,0.5,0.047619
235,0.6,0.05
235,0.7,0.047619
235,0.8,0.047619
235,0.9,0.047619
235,1,0.05
236,0.5,0.047619
236,0.6,0.047619
236,0.7,0.047619
236,0.8,0.047619
236,0.9,0.0666667
236,1,0.047619
237,0.5,0.047619
237,0.6,0.047619
237,0.7,0.047619
237,0.8,0.047619
237,0.9,0.047619
237,1,0.047619
238,0.5,0.047619
238,0.6,0.047619
238,0.7,0.047619
238,0.8,0.047619
238,0.9,0.047619
238,1,0.047619
239,0.5,0.047619
239,0.6,0.047619
239,0.7,0.047619
239,0.8,0.047619
239,0.9,0.047619
239,1,0.047619
240,0.5,0.047619
240,0.6,0.047619
240,0.7,0.047619
240,0.8,0.047619
240,0.9,0.047619
240,1,0.047619
241,0.5,0.047619
241,0.6,0.047619
241,0.7,0.047619
241,0.8,0.047619
241,0.9,0.047619
241,1,0.047619
242,0.5,0.047619
242,0.6,0.047619
242,0.7,0.047619
242,0.8,0.047619
242,0.9,0.047619
242,1,0.047619
243,0.5,0.047619
243,0.6,0.0666667
243,0.7,0.047619
243,0.8,0.047619
243,0.9,0.047619
243,1,0.047619
244,0.5,0.047619
244,0.6,0.047619
244,0.7,0.047619
244,0.8,0.047619
244,0.9,0.047619
244,1,0.047619
245,0.5,0.047619
245,0.6,0.047619
245,0.7,0.047619
245,0.8,0.047619
245,0.9,0.047619
245,1,0.047619
246,0.5,0.047619
246,0.6,0.047619
246,0.7,0.047619
246,0.8,0.047619
246,0.9,0.047619
246,1,0.047619
247,0.5,0.047619
247,0.6,0.047619
247,0.7,0.047619
247,0.8,0.05
247,0.9,0.047619
247,1,0.047619
248,0.5,0.047619
248,0.6,0.047619
248,0.7,0.047619
248,0.8,0.047619
248,0.9,0.047619
248,1,0.047619
249,0.5,0.047619
249,0.6,0.047619
249,0.7,0.047619
249,0.8,0.047619
249,0.9,0.047619
249,1,0.05
250,0.5,0.047619
250,0.6,0.047619
250,0.7,0.047619
250,0.8,0.047619
250,0.9,0.047619
250,1,0.05
251,0.5,0.047619
251,0.6,0.047619
251,0.7,0.047619
251,0.8,0.047619
251,0.9,0.047619
251,1,0.047619
252,0.5,0.047619
252,0.6,0.047619
252,0.7,0.047619
252,0.8,0.047619
252,0.9,0.047619
252,1,0.047619
253,0.5,0.047619
253,0.6,0.047619
253,0.7,0.047619
253,0.8,0.05
253,0.9,0.047619
253,1,0.047619
254,0.5,0.047619
254,0.6,0.047619
254,0.7,0.05
254,0.8,0.047619
254,0.9,0.047619
254,1,0.047619
255,0.5,0.047619
255,0.6,0.047619
255,0.7,0.047619
255,0.8,0.047619
255,0.9,0.047619
255,1,0.047619
256,0.5,0.047619
256,0.6,0.047619
256,0.7,0.047619
256,0.8,0.047619
256,0.9,0.047619
256,1,0.047619
257,0.5,0.047619
257,0.6,0.047619
257,0.7,0.047619
257,0.8,0.047619
257,0.9,0.047619
257,1,0.047619
258,0.5,0.05
258,0.6,0.047619
258,0.7,0.047619
258,0.8,0.047619
258,0.9,0.047619
258,1,0.047619
259,0.5,0.047619
259,0.6,0.047619
259,0.7,0.05
259,0.8,0.047619
259,0.9,0.05
259,1,0.047619
260,0.5,0.047619
260,0.6,0.047619
260,0.7,0.047619
260,0.8,0.05
260,0.9,0.047619
260,1,0.047619
261,0.5,0.047619
261,0.6,0.047619
261,0.7,0.047619
261,0.8,0.047619
261,0.9,0.047619
261,1,0.047619
262,0.5,0.047619
262,0.6,0.047619
262,0.7,0.047619
262,0.8,0.047619
262,0.9,0.047619
262,1,0.047619
263,0.5,0.047619
263,0.6,0.047619
263,0.7,0.047619
263,0.8,0.047619
263,0.9,0.047619
263,1,0.05
264,0.5,0.05
264,0.6,0.047619
264,0.7,0.047619
264,0.8,0.047619
264,0.9,0.047619
264,1,0.05
265,0.5,0.047619
265,0.6,0.047619
265,0.7,0.047619
265,0.8,0.047619
265,0.9,0.047619
265,1,0.05
266,0.5,0.047619
266,0.6,0.047619
266,0.7,0.047619
266,0.8,0.05
266,0.9,0.047619
266,1,0.047619
267,0.5,0.047619
267,0.6,0.05
267,0.7,0.047619
267,0.8,0.047619
267,0.9,0.047619
267,1,0.05
268,0.5,0.047619
268,0.6,0.047619
268,0.7,0.047619
268,0.8,0.047619
268,0.9,0.05
268,1,0.05
269,0.5,0.047619
269,0.6,0.047619
269,0.7,0.047619
269,0.8,0.047619
269,0.9,0.047619
269,1,0.047619
270,0.5,0.047619
270,0.6,0.047619
270,0.7,0.047619
270,0.8,0.047619
270,0.9,0.047619
270,1,0.047619
271,0.5,0.047619
271,0.6,0.05
271,0.7,0.047619
271,0.8,0.05
271,0.9,0.047619
271,1,0.047619
272,0.5,0.047619
272,0.6,0.047619
272,0.7,0.047619
272,0.8,0.047619
272,0.9,0.047619
272,1,0.047619
273,0.5,0.047619
273,0.6,0.047619
273,0.7,0.047619
273,0.8,0.047619
273,0.9,0.047619
273,1,0.05
274,0.5,0.047619
274,0.6,0.047619
274,0.7,0.047619
274,0.8,0.047619
274,0.9,0.047619
274,1,0.05
275,0.5,0.047619
275,0.6,0.047619
275,0.7,0.05
275,0.8,0.047619
275,0.9,0.047619
275,1,0.047619
276,0.5,0.047619
276,0.6,0.047619
276,0.7,0.047619
276,0.8,0.047619
276,0.9,0.05
276,1,0.05
277,0.5,0.047619
277,0.6,0.047619
277,0.7,0.047619
277,0.8,0.047619
277,0.9,0.047619
277,1,0.047619
278,0.5,0.047619
278,0.6,0.047619
278,0.7,0.047619
278,0.8,0.047619
278,0.9,0.05
278,1,0.047619
279,0.5,0.047619
279,0.6,0.047619
279,0.7,0.047619
279,0.8,0.05
279,0.9,0.047619
279,1,0.047619
280,0.5,0.047619
280,0.6,0.047619
280,0.7,0.047619
280,0.8,0.047619
280,0.9,0.047619
280,1,0.05
281,0.5,0.05
281,0.6,0.047619
281,0.7,0.047619
281,0.8,0.047619
281,0.9,0.047619
281,1,0.047619
282,0.5,0.047619
282,0.6,0.047619
282,0.7,0.047619
282,0.8,0.05
282,0.9,0.047619
282,1,0.047619
283,0.5,0.05
283,0.6,0.047619
283,0.7,0.047619
283,0.8,0.047619
283,0.9,0.047619
283,1,0.047619
284,0.5,0.047619
284,0.6,0.047619
284,0.7,0.047619
284,0.8,0.047619
284,0.9,0.047619
284,1,0.047619
285,0.5,0.047619
285,0.6,0.05
285,0.7,0.047619
285,0.8,0.047619
285,0.9,0.047619
285,1,0.047619
286,0.5,0.047619
286,0.6,0.047619
286,0.7,0.047619
286,0.8,0.047619
286,0.9,0.047619
286,1,0.05
287,0.5,0.047619
287,0.6,0.047619
287,0.7,0.047619
287,0.8,0.047619
287,0.9,0.047619
287,1,0.047619
288,0.5,0.047619
288,0.6,0.047619
288,0.7,0.047619
288,0.8,0.047619
288,0.9,0.047619
288,1,0.047619
289,0.5,0.047619
289,0.6,0.047619
289,0.7,0.047619
289,0.8,0.047619
289,0.9,0.047619
289,1,0.047619
290,0.5,0.047619
290,0.6,0.047619
290,0.7,0.047619
290,0.8,0.047619
290,0.9,0.047619
290,1,0.047619
291,0.5,0.047619
291,0.6,0.047619
291,0.7,0.047619
291,0.8,0.047619
291,0.9,0.047619
291,1,0.047619
292,0.5,0.047619
292,0.6,0.047619
292,0.7,0.047619
292,0.8,0.047619
292,0.9,0.047619
292,1,0.05
293,0.5,0.047619
293,0.6,0.047619
293,0.7,0.047619
293,0.8,0.047619
293,0.9,0.047619
293,1,0.047619
294,0.5,0.0666667
294,0.6,0.047619
294,0.7,0.047619
294,0.8,0.047619
294,0.9,0.047619
294,1,0.047619
295,0.5,0.047619
295,0.6,0.05
295,0.7,0.047619
295,0.8,0.047619
295,0.9,0.047619
295,1,0.047619
296,0.5,0.047619
296,0.6,0.05
296,0.7,0.047619
296,0.8,0.047619
296,0.9,0.047619
296,1,0.047619
297,0.5,0.047619
297,0.6,0.047619
297,0.7,0.047619
297,0.8,0.047619
297,0.9,0.047619
297,1,0.047619
298,0.5,0.047619
298,0.6,0.047619
298,0.7,0.047619
298,0.8,0.047619
298,0.9,0.047619
298,1,0.047619
299,0.5,0.047619
299,0.6,0.047619
299,0.7,0.05
299,0.8,0.047619
299,0.9,0.047619
299,1,0.047619
300,0.5,0.047619
300,0.6,0.047619
300,0.7,0.047619
300,0.8,0.047619
300,0.9,0.047619
300,1,0.047619
301,0.5,0.047619
301,0.6,0.05
301,0.7,0.047619
301,0.8,0.047619
301,0.9,0.047619
301,1,0.047619
302,0.5,0.05
302,0.6,0.047619
302,0.7,0.047619
302,0.8,0.047619
302,0.9,0.047619
302,1,0.047619
303,0.5,0.047619
303,0.6,0.047619
303,0.7,0.047619
303,0.8,0.047619
303,0.9,0.047619
303,1,0.047619
304,0.5,0.047619
304,0.6,0.047619
304,0.7,0.047619
304,0.8,0.047619
304,0.9,0.047619
304,1,0.047619
305,0.5,0.047619
305,0.6,0.05
305,0.7,0.047619
305,0.8,0.047619
305,0.9,0.047619
305,1,0.047619
306,0.5,0.047619
306,0.6,0.047619
306,0.7,0.05
306,0.8,0.047619
306,0.9,0.047619
306,1,0.047619
307,0.5,0.047619
307,0.6,0.047619
307,0.7,0.05
307,0.8,0.047619
307,0.9,0.047619
307,1,0.047619
308,0.5,0.047619
308,0.6,0.047619
308,0.7,0.047619
308,0.8,0.047619
308,0.9,0.047619
308,1,0.05
309,0.5,0.047619
309,0.6,0.05
309,0.7,0.047619
309,0.8,0.047619
309,0.9,0.047619
309,1,0.047619
310,0.5,0.047619
310,0.6,0.047619
310,0.7,0.047619
310,0.8,0.047619
310,0.9,0.047619
310,1,0.047619
311,0.5,0.047619
311,0.6,0.047619
311,0.7,0.047619
311,0.8,0.047619
311,0.9,0.047619
311,1,0.05
312,0.5,0.047619
312,0.6,0.047619
312,0.7,0.047619
312,0.8,0.047619
312,0.9,0.047619
312,1,0.047619
313,0.5,0.047619
313,0.6,0.047619
313,0.7,0.047619
313,0.8,0.047619
313,0.9,0.047619
313,1,0.047619
314,0.5,0.047619
314,0.6,0.047619
314,0.7,0.05
314,0.8,0.047619
314,0.9,0.047619
314,1,0.047619
315,0.5,0.047619
315,0.6,0.047619
315,0.7,0.047619
315,0.8,0.047619
315,0.9,0.047619
315,1,0.047619
316,0.5,0.047619
316,0.6,0.047619
316,0.7,0.047619
316,0.8,0.047619
316,0.9,0.047619
316,1,0.047619
317,0.5,0.047619
317,0.6,0.047619
317,0.7,0.047619
317,0.8,0.047619
317,0.9,0.047619
317,1,0.047619
318,0.5,0.047619
318,0.6,0.047619
318,0.7,0.047619
318,0.8,0.047619
318,0.9,0.047619
318,1,0.047619
319,0.5,0.047619
319,0.6,0.047619
319,0.7,0.047619
319,0.8,0.047619
319,0.9,0.047619
319,1,0.047619
320,0.5,0.047619
320,0.6,0.047619
320,0.7,0.047619
320,0.8,0.047619
320,0.9,0.047619
320,1,0.047619
321,0.5,0.047619
321,0.6,0.047619
321,0.7,0.047619
321,0.8,0.05
321,0.9,0.047619
321,1,0.047619
322,0.5,0.047619
322,0.6,0.047619
322,0.7,0.047619
322,0.8,0.047619
322,0.9,0.047619
322,1,0.047619
323,0.5,0.047619
323,0.6,0.047619
323,0.7,0.047619
323,0.8,0.047619
323,0.9,0.047619
323,1,0.047619
324,0.5,0.047619
324,0.6,0.047619
324,0.7,0.047619
324,0.8,0.047619
324,0.9,0.047619
324,1,0.047619
325,0.5,0.047619
325,0.6,0.047619
325,0.7,0.047619
325,0.8,0.047619
325,0.9,0.05
325,1,0.047619
326,0.5,0.047619
326,0.6,0.047619
326,0.7,0.05
326,0.8,0.05
326,0.9,0.047619
326,1,0.047619
327,0.5,0.047619
327,0.6,0.047619
327,0.7,0.047619
327,0.8,0.05
327,0.9,0.047619
327,1,0.047619
328,0.5,0.047619
328,0.6,0.05
328,0.7,0.047619
328,0.8,0.047619
328,0.9,0.047619
328,1,0.047619
329,0.5,0.047619
329,0.6,0.047619
329,0.7,0.047619
329,0.8,0.047619
329,0.9,0.047619
329,1,0.047619
330,0.5,0.047619
330,0.6,0.047619
330,0.7,0.047619
330,0.8,0.047619
330,0.9,0.047619
330,1,0.047619
331,0.5,0.047619
331,0.6,0.047619
331,0.7,0.047619
331,0.8,0.047619
331,0.9,0.047619
331,1,0.047619
332,0.5,0.047619
332,0.6,0.047619
332,0.7,0.047619
332,0.8,0.047619
332,0.9,0.047619
332,1,0.047619
333,0.5,0.047619
333,0.6,0.05
333,0.7,0.047619
333,0.8,0.05
333,0.9,0.047619
333,1,0.047619
334,0.5,0.047619
334,0.6,0.047619
334,0.7,0.047619
334,0.8,0.047619
334,0.9,0.047619
334,1,0.047619
335,0.5,0.047619
335,0.6,0.047619
335,0.7,0.047619
335,0.8,0.047619
335,0.9,0.047619
335,1,0.047619
336,0.5,0.05
336,0.6,0.047619
336,0.7,0.047619
336,0.8,0.047619
336,0.9,0.047619
336,1,0.047619
337,0.5,0.047619
337,0.6,0.047619
337,0.7,0.047619
337,0.8,0.047619
337,0.9,0.047619
337,1,0.047619
338,0.5,0.047619
338,0.6,0.047619
338,0.7,0.047619
338,0.8,0.047619
338,0.9,0.047619
338,1,0.047619
339,0.5,0.047619
339,0.6,0.047619
339,0.7,0.047619
339,0.8,0.047619
339,0.9,0.047619
339,1,0.047619
340,0.5,0.047619
340,0.6,0.047619
340,0.7,0.047619
340,0.8,0.047619
340,0.9,0.047619
340,1,0.047619
341,0.5,0.047619
341,0.6,0.047619
341,0.7,0.047619
341,0.8,0.047619
341,0.9,0.047619
341,1,0.047619
342,0.5,0.047619
342,0.6,0.047619
342,0.7,0.047619
342,0.8,0.047619
342,0.9,0.05
342,1,0.047619
343,0.5,0.047619
343,0.6,0.047619
343,0.7,0.047619
343,0.8,0.047619
343,0.9,0.047619
343,1,0.05
344,0.5,0.05
344,0.6,0.047619
344,0.7,0.047619
344,0.8,0.047619
344,0.9,0.047619
344,1,0.047619
345,0.5,0.047619
345,0.6,0.047619
345,0.7,0.047619
345,0.8,0.047619
345,0.9,0.047619
345,1,0.047619
346,0.5,0.047619
346,0.6,0.047619
346,0.7,0.047619
346,0.8,0.047619
346,0.9,0.047619
346,1,0.047619
347,0.5,0.047619
347,0.6,0.047619
347,0.7,0.047619
347,0.8,0.047619
347,0.9,0.047619
347,1,0.047619
348,0.5,0.047619
348,0.6,0.047619
348,0.7,0.047619
348,0.8,0.047619
348,0.9,0.047619
348,1,0.047619
349,0.5,0.047619
349,0.6,0.047619
349,0.7,0.047619
349,0.8,0.05
349,0.9,0.047619
349,1,0.047619
350,0.5,0.047619
350,0.6,0.047619
350,0.7,0.047619
350,0.8,0.047619
350,0.9,0.047619
350,1,0.047619
351,0.5,0.047619
351,0.6,0.047619
351,0.7,0.047619
351,0.8,0.047619
351,0.9,0.047619
351,1,0.047619
352,0.5,0.047619
352,0.6,0.05
352,0.7,0.047619
352,0.8,0.047619
352,0.9,0.047619
352,1,0.047619
353,0.5,0.047619
353,0.6,0.047619
353,0.7,0.047619
353,0.8,0.047619
353,0.9,0.047619
353,1,0.047619
354,0.5,0.05
354,0.6,0.0833333
354,0.7,0.047619
354,0.8,0.047619
354,0.9,0.047619
354,1,0.047619
355,0.5,0.047619
355,0.6,0.047619
355,0.7,0.047619
355,0.8,0.047619
355,0.9,0.047619
355,1,0.047619
356,0.5,0.047619
356,0.6,0.047619
356,0.7,0.047619
356,0.8,0.047619
356,0.9,0.05
356,1,0.047619
357,0.5,0.047619
357,0.6,0.047619
357,0.7,0.047619
357,0.8,0.047619
357,0.9,0.047619
357,1,0.047619
358,0.5,0.047619
358,0.6,0.047619
358,0.7,0.047619
358,0.8,0.047619
358,0.9,0.047619
358,1,0.047619
359,0.5,0.047619
359,0.6,0.047619
359,0.7,0.047619
359,0.8,0.047619
359,0.9,0.047619
359,1,0.047619
360,0.5,0.047619
360,0.6,0.047619
360,0.7,0.047619
360,0.8,0.047619
360,0.9,0.047619
360,1,0.047619
361,0.5,0.047619
361,0.6,0.047619
361,0.7,0.047619
361,0.8,0.047619
361,0.9,0.047619
361,1,0.047619
362,0.5,0.047619
362,0.6,0.047619
362,0.7,0.047619
362,0.8,0.047619
362,0.9,0.047619
362,1,0.047619
363,0.5,0.047619
363,0.6,0.047619
363,0.7,0.047619
363,0.8,0.047619
363,0.9,0.047619
363,1,0.047619
364,0.5,0.047619
364,0.6,0.047619
364,0.7,0.047619
364,0.8,0.047619
364,0.9,0.047619
364,1,0.047619
365,0.5,0.047619
365,0.6,0.047619
365,0.7,0.047619
365,0.8,0.047619
365,0.9,0.047619
365,1,0.047619
366,0.5,0.047619
366,0.6,0.047619
366,0.7,0.047619
366,0.8,0.047619
366,0.9,0.047619
366,1,0.047619
367,0.5,0.047619
367,0.6,0.047619
367,0.7,0.047619
367,0.8,0.047619
367,0.9,0.047619
367,1,0.047619
368,0.5,0.047619
368,0.6,0.047619
368,0.7,0.047619
368,0.8,0.047619
368,0.9,0.047619
368,1,0.047619
369,0.5,0.05
369,0.6,0.047619
369,0.7,0.047619
369,0.8,0.047619
369,0.9,0.047619
369,1,0.047619
370,0.5,0.047619
370,0.6,0.047619
370,0.7,0.047619
370,0.8,0.047619
370,0.9,0.047619
370,1,0.047619
371,0.5,0.047619
371,0.6,0.047619
371,0.7,0.047619
371,0.8,0.047619
371,0.9,0.047619
371,1,0.047619
372,0.5,0.047619
372,0.6,0.047619
372,0.7,0.047619
372,0.8,0.047619
372,0.9,0.047619
372,1,0.047619
373,0.5,0.047619
373,0.6,0.047619
373,0.7,0.047619
373,0.8,0.047619
373,0.9,0.047619
373,1,0.047619
374,0.5,0.0666667
374,0.6,0.047619
374,0.7,0.047619
374,0.8,0.047619
374,0.9,0.047619
374,1,0.047619
375,0.5,0.047619
375,0.6,0.05
375,0.7,0.047619
375,0.8,0.047619
375,0.9,0.047619
375,1,0.047619
376,0.5,0.047619
376,0.6,0.047619
376,0.7,0.047619
376,0.8,0.047619
376,0.9,0.047619
376,1,0.047619
377,0.5,0.05
377,0.6,0.047619
377,0.7,0.047619
377,0.8,0.047619
377,0.9,0.047619
377,1,0.047619
378,0.5,0.047619
378,0.6,0.047619
378,0.7,0.047619
378,0.8,0.047619
378,0.9,0.047619
378,1,0.047619
379,0.5,0.047619
379,0.6,0.047619
379,0.7,0.047619
379,0.8,0.047619
379,0.9,0.047619
379,1,0.047619
380,0.5,0.047619
380,0.6,0.047619
380,0.7,0.047619
380,0.8,0.047619
380,0.9,0.047619
380,1,0.047619
381,0.5,0.047619
381,0.6,0.047619
381,0.7,0.047619
381,0.8,0.047619
381,0.9,0.047619
381,1,0.047619
382,0.5,0.047619
382,0.6,0.047619
382,0.7,0.047619
382,0.8,0.047619
382,0.9,0.047619
382,1,0.047619
383,0.5,0.047619
383,0.6,0.047619
383,0.7,0.047619
383,0.8,0.047619
383,0.9,0.047619
383,1,0.047619
384,0.5,0.047619
384,0.6,0.047619
384,0.7,0.047619
384,0.8,0.047619
384,0.9,0.047619
384,1,0.047619
385,0.5,0.047619
385,0.6,0.047619
385,0.7,0.05
385,0.8,0.047619
385,0.9,0.047619
385,1,0.047619
386,0.5,0.047619
386,0.6,0.047619
386,0.7,0.047619
386,0.8,0.047619
386,0.9,0.047619
386,1,0.047619
387,0.5,0.047619
387,0.6,0.047619
387,0.7,0.047619
387,0.8,0.047619
387,0.9,0.047619
387,1,0.047619
388,0.5,0.047619
388,0.6,0.047619
388,0.7,0.047619
388,0.8,0.047619
388,0.9,0.047619
388,1,0.047619
389,0.5,0.047619
389,0.6,0.047619
389,0.7,0.047619
389,0.8,0.047619
389,0.9,0.047619
389,1,0.047619
390,0.5,0.047619
390,0.6,0.047619
390,0.7,0.047619
390,0.8,0.047619
390,0.9,0.047619
390,1,0.047619
391,0.5,0.047619
391,0.6,0.047619
391,0.7,0.047619
391,0.8,0.047619
391,0.9,0.047619
391,1,0.047619
392,0.5,0.047619
392,0.6,0.047619
392,0.7,0.047619
392,0.8,0.047619
392,0.9,0.047619
392,1,0.05
393,0.5,0.047619
393,0.6,0.047619
393,0.7,0.047619
393,0.8,0.047619
393,0.9,0.047619
393,1,0.047619
394,0.5,0.047619
394,0.6,0.047619
394,0.7,0.047619
394,0.8,0.047619
394,0.9,0.047619
394,1,0.047619
395,0.5,0.047619
395,0.6,0.047619
395,0.7,0.047619
395,0.8,0.047619
395,0.9,0.047619
395,1,0.047619
396,0.5,0.047619
396,0.6,0.047619
396,0.7,0.047619
396,0.8,0.047619
396,0.9,0.047619
396,1,0.047619
397,0.5,0.047619
397,0.6,0.047619
397,0.7,0.047619
397,0.8,0.047619
397,0.9,0.047619
397,1,0.047619
398,0.5,0.047619
398,0.6,0.047619
398,0.7,0.047619
398,0.8,0.047619
398,0.9,0.05
398,1,0.047619
399,0.5,0.047619
399,0.6,0.047619
399,0.7,0.047619
399,0.8,0.047619
399,0.9,0.047619
399,1,0.047619
400,0.5,0.047619
400,0.6,0.05
400,0.7,0.047619
400,0.8,0.047619
400,0.9,0.047619
400,1,0.047619
401,0.5,0.047619
401,0.6,0.047619
401,0.7,0.047619
401,0.8,0.047619
401,0.9,0.047619
401,1,0.047619
402,0.5,0.047619
402,0.6,0.047619
402,0.7,0.047619
402,0.8,0.047619
402,0.9,0.047619
402,1,0.047619
403,0.5,0.047619
403,0.6,0.047619
403,0.7,0.047619
403,0.8,0.047619
403,0.9,0.047619
403,1,0.047619
404,0.5,0.047619
404,0.6,0.047619
404,0.7,0.047619
404,0.8,0.047619
404,0.9,0.05
404,1,0.047619
405,0.5,0.047619
405,0.6,0.047619
405,0.7,0.047619
405,0.8,0.047619
405,0.9,0.047619
405,1,0.047619
406,0.5,0.047619
406,0.6,0.047619
406,0.7,0.047619
406,0.8,0.047619
406,0.9,0.047619
406,1,0.047619
407,0.5,0.047619
407,0.6,0.047619
407,0.7,0.047619
407,0.8,0.047619
407,0.9,0.047619
407,1,0.047619
408,0.5,0.047619
408,0.6,0.047619
408,0.7,0.047619
408,0.8,0.047619
408,0.9,0.047619
408,1,0.047619
409,0.5,0.047619
409,0.6,0.047619
409,0.7,0.047619
409,0.8,0.047619
409,0.9,0.047619
409,1,0.047619
410,0.5,0.047619
410,0.6,0.047619
410,0.7,0.047619
410,0.8,0.047619
410,0.9,0.047619
410,1,0.047619
411,0.5,0.047619
411,0.6,0.047619
411,0.7,0.047619
411,0.8,0.047619
411,0.9,0.047619
411,1,0.047619
412,0.5,0.047619
412,0.6,0.047619
412,0.7,0.05
412,0.8,0.047619
412,0.9,0.047619
412,1,0.047619
413,0.5,0.047619
413,0.6,0.047619
413,0.7,0.047619
413,0.8,0.047619
413,0.9,0.047619
413,1,0.047619
414,0.5,0.047619
414,0.6,0.047619
414,0.7,0.047619
414,0.8,0.047619
414,0.9,0.047619
414,1,0.047619
415,0.5,0.05
415,0.6,0.047619
415,0.7,0.047619
415,0.8,0.047619
415,0.9,0.047619
415,1,0.047619
416,0.5,0.047619
416,0.6,0.047619
416,0.7,0.047619
416,0.8,0.047619
416,0.9,0.047619
416,1,0.047619
417,0.5,0.047619
417,0.6,0.047619
417,0.7,0.047619
417,0.8,0.047619
417,0.9,0.047619
417,1,0.047619
418,0.5,0.047619
418,0.6,0.047619
418,0.7,0.047619
418,0.8,0.047619
418,0.9,0.047619
418,1,0.047619
419,0.5,0.047619
419,0.6,0.047619
419,0.7,0.047619
419,0.8,0.047619
419,0.9,0.047619
419,1,0.047619
420,0.5,0.047619
420,0.6,0.047619
420,0.7,0.047619
420,0.8,0.047619
420,0.9,0.047619
420,1,0.047619
421,0.5,0.047619
421,0.6,0.047619
421,0.7,0.047619
421,0.8,0.047619
421,0.9,0.047619
421,1,0.047619
422,0.5,0.047619
422,0.6,0.047619
422,0.7,0.047619
422,0.8,0.047619
422,0.9,0.047619
422,1,0.047619
423,0.5,0.047619
423,0.6,0.047619
423,0.7,0.047619
423,0.8,0.047619
423,0.9,0.047619
423,1,0.047619
424,0.5,0.047619
424,0.6,0.047619
424,0.7,0.047619
424,0.8,0.047619
424,0.9,0.047619
424,1,0.047619
425,0.5,0.047619
425,0.6,0.047619
425,0.7,0.047619
425,0.8,0.047619
425,0.9,0.047619
425,1,0.047619
426,0.5,0.047619
426,0.6,0.047619
426,0.7,0.047619
426,0.8,0.047619
426,0.9,0.047619
426,1,0.047619
427,0.5,0.047619
427,0.6,0.047619
427,0.7,0.047619
427,0.8,0.047619
427,0.9,0.047619
427,1,0.047619
428,0.5,0.047619
428,0.6,0.047619
428,0.7,0.047619
428,0.8,0.047619
428,0.9,0.047619
428,1,0.047619
429,0.5,0.047619
429,0.6,0.047619
429,0.7,0.047619
429,0.8,0.047619
429,0.9,0.047619
429,1,0.047619
430,0.5,0.047619
430,0.6,0.047619
430,0.7,0.047619
430,0.8,0.047619
430,0.9,0.047619
430,1,0.047619
431,0.5,0.047619
431,0.6,0.047619
431,0.7,0.047619
431,0.8,0.047619
431,0.9,0.047619
431,1,0.047619
432,0.5,0.047619
432,0.6,0.047619
432,0.7,0.047619
432,0.8,0.047619
432,0.9,0.047619
432,1,0.047619
433,0.5,0.047619
433,0.6,0.047619
433,0.7,0.047619
433,0.8,0.047619
433,0.9,0.047619
433,1,0.047619
434,0.5,0.047619
434,0.6,0.047619
434,0.7,0.047619
434,0.8,0.047619
434,0.9,0.047619
434,1,0.047619
435,0.5,0.047619
435,0.6,0.047619
435,0.7,0.047619
435,0.8,0.047619
435,0.9,0.047619
435,1,0.047619
436,0.5,0.047619
436,0.6,0.047619
436,0.7,0.05
436,0.8,0.047619
436,0.9,0.047619
436,1,0.047619
437,0.5,0.047619
437,0.6,0.047619
437,0.7,0.047619
437,0.8,0.047619
437,0.9,0.05
437,1,0.047619
438,0.5,0.047619
438,0.6,0.047619
438,0.7,0.047619
438,0.8,0.047619
438,0.9,0.047619
438,1,0.047619
439,0.5,0.047619
439,0.6,0.047619
439,0.7,0.047619
439,0.8,0.047619
439,0.9,0.047619
439,1,0.047619
440,0.5,0.047619
440,0.6,0.05
440,0.7,0.047619
440,0.8,0.047619
440,0.9,0.047619
440,1,0.05
441,0.5,0.047619
441,0.6,0.047619
441,0.7,0.047619
441,0.8,0.047619
441,0.9,0.047619
441,1,0.047619
442,0.5,0.047619
442,0.6,0.047619
442,0.7,0.047619
442,0.8,0.047619
442,0.9,0.047619
442,1,0.047619
443,0.5,0.047619
443,0.6,0.047619
443,0.7,0.047619
443,0.8,0.047619
443,0.9,0.047619
443,1,0.047619
444,0.5,0.047619
444,0.6,0.047619
444,0.7,0.047619
444,0.8,0.047619
444,0.9,0.047619
444,1,0.047619
445,0.5,0.047619
445,0.6,0.047619
445,0.7,0.047619
445,0.8,0.047619
445,0.9,0.047619
445,1,0.047619
446,0.5,0.047619
446,0.6,0.047619
446,0.7,0.047619
446,0.8,0.047619
446,0.9,0.047619
446,1,0.047619
447,0.5,0.047619
447,0.6,0.047619
447,0.7,0.047619
447,0.8,0.047619
447,0.9,0.047619
447,1,0.047619
448,0.5,0.047619
448,0.6,0.047619
448,0.7,0.047619
448,0.8,0.047619
448,0.9,0.047619
448,1,0.047619
449,0.5,0.047619
449,0.6,0.047619
449,0.7,0.047619
449,0.8,0.047619
449,0.9,0.047619
449,1,0.047619
450,0.5,0.047619
450,0.6,0.047619
450,0.7,0.047619
450,0.8,0.047619
450,0.9,0.047619
450,1,0.047619
451,0.5,0.047619
451,0.6,0.047619
451,0.7,0.047619
451,0.8,0.047619
451,0.9,0.047619
451,1,0.047619
452,0.5,0.047619
452,0.6,0.047619
452,0.7,0.047619
452,0.8,0.047619
452,0.9,0.047619
452,1,0.047619
453,0.5,0.047619
453,0.6,0.047619
453,0.7,0.047619
453,0.8,0.047619
453,0.9,0.047619
453,1,0.047619
454,0.5,0.047619
454,0.6,0.047619
454,0.7,0.047619
454,0.8,0.047619
454,0.9,0.047619
454,1,0.047619
455,0.5,0.047619
455,0.6,0.047619
455,0.7,0.047619
455,0.8,0.047619
455,0.9,0.047619
455,1,0.047619
456,0.5,0.047619
456,0.6,0.047619
456,0.7,0.047619
456,0.8,0.047619
456,0.9,0.047619
456,1,0.047619
457,0.5,0.047619
457,0.6,0.047619
457,0.7,0.047619
457,0.8,0.047619
457,0.9,0.047619
457,1,0.047619
458,0.5,0.047619
458,0.6,0.047619
458,0.7,0.047619
458,0.8,0.047619
458,0.9,0.047619
458,1,0.047619
459,0.5,0.047619
459,0.6,0.047619
459,0.7,0.047619
459,0.8,0.047619
459,0.9,0.047619
459,1,0.047619
460,0.5,0.047619
460,0.6,0.047619
460,0.7,0.047619
460,0.8,0.047619
460,0.9,0.047619
460,1,0.047619
461,0.5,0.047619
461,0.6,0.047619
461,0.7,0.047619
461,0.8,0.047619
461,0.9,0.047619
461,1,0.047619
462,0.5,0.047619
462,0.6,0.047619
462,0.7,0.047619
462,0.8,0.047619
462,0.9,0.047619
462,1,0.047619
463,0.5,0.047619
463,0.6,0.047619
463,0.7,0.047619
463,0.8,0.047619
463,0.9,0.047619
463,1,0.047619
464,0.5,0.047619
464,0.6,0.047619
464,0.7,0.047619
464,0.8,0.047619
464,0.9,0.047619
464,1,0.047619
465,0.5,0.047619
465,0.6,0.047619
465,0.7,0.047619
465,0.8,0.047619
465,0.9,0.047619
465,1,0.047619
466,0.5,0.047619
466,0.6,0.047619
466,0.7,0.047619
466,0.8,0.047619
466,0.9,0.047619
466,1,0.047619
467,0.5,0.047619
467,0.6,0.047619
467,0.7,0.047619
467,0.8,0.047619
467,0.9,0.047619
467,1,0.047619
468,0.5,0.047619
468,0.6,0.047619
468,0.7,0.047619
468,0.8,0.047619
468,0.9,0.047619
468,1,0.047619
469,0.5,0.047619
469,0.6,0.047619
469,0.7,0.047619
469,0.8,0.047619
469,0.9,0.047619
469,1,0.047619
470,0.5,0.047619
470,0.6,0.047619
470,0.7,0.047619
470,0.8,0.047619
470,0.9,0.047619
470,1,0.047619
471,0.5,0.047619
471,0.6,0.047619
471,0.7,0.047619
471,0.8,0.047619
471,0.9,0.047619
471,1,0.047619
472,0.5,0.047619
472,0.6,0.05
472,0.7,0.047619
472,0.8,0.047619
472,0.9,0.047619
472,1,0.047619
473,0.5,0.047619
473,0.6,0.047619
473,0.7,0.047619
473,0.8,0.047619
473,0.9,0.047619
473,1,0.047619
474,0.5,0.047619
474,0.6,0.047619
474,0.7,0.047619
474,0.8,0.047619
474,0.9,0.047619
474,1,0.047619
475,0.5,0.047619
475,0.6,0.047619
475,0.7,0.047619
475,0.8,0.047619
475,0.9,0.047619
475,1,0.047619
476,0.5,0.047619
476,0.6,0.047619
476,0.7,0.047619
476,0.8,0.047619
476,0.9,0.047619
476,1,0.047619
477,0.5,0.047619
477,0.6,0.047619
477,0.7,0.047619
477,0.8,0.047619
477,0.9,0.047619
477,1,0.05
478,0.5,0.047619
478,0.6,0.047619
478,0.7,0.047619
478,0.8,0.047619
478,0.9,0.047619
478,1,0.047619
479,0.5,0.047619
479,0.6,0.047619
479,0.7,0.047619
479,0.8,0.047619
479,0.9,0.047619
479,1,0.047619
480,0.5,0.047619
480,0.6,0.047619
480,0.7,0.047619
480,0.8,0.047619
480,0.9,0.047619
480,1,0.047619
481,0.5,0.047619
481,0.6,0.047619
481,0.7,0.047619
481,0.8,0.047619
481,0.9,0.047619
481,1,0.047619
482,0.5,0.047619
482,0.6,0.05
482,0.7,0.047619
482,0.8,0.047619
482,0.9,0.047619
482,1,0.047619
483,0.5,0.047619
483,0.6,0.047619
483,0.7,0.047619
483,0.8,0.047619
483,0.9,0.047619
483,1,0.047619
484,0.5,0.047619
484,0.6,0.047619
484,0.7,0.047619
484,0.8,0.047619
484,0.9,0.047619
484,1,0.047619
485,0.5,0.047619
485,0.6,0.047619
485,0.7,0.047619
485,0.8,0.047619
485,0.9,0.047619
485,1,0.047619
486,0.5,0.047619
486,0.6,0.047619
486,0.7,0.047619
486,0.8,0.047619
486,0.9,0.047619
486,1,0.047619
487,0.5,0.047619
487,0.6,0.047619
487,0.7,0.047619
487,0.8,0.047619
487,0.9,0.047619
487,1,0.047619
488,0.5,0.047619
488,0.6,0.047619
488,0.7,0.047619
488,0.8,0.047619
488,0.9,0.047619
488,1,0.047619
489,0.5,0.047619
489,0.6,0.047619
489,0.7,0.047619
489,0.8,0.047619
489,0.9,0.047619
489,1,0.047619
490,0.5,0.047619
490,0.6,0.047619
490,0.7,0.047619
490,0.8,0.047619
490,0.9,0.047619
490,1,0.047619
491,0.5,0.047619
491,0.6,0.047619
491,0.7,0.047619
491,0.8,0.047619
491,0.9,0.047619
491,1,0.047619
492,0.5,0.047619
492,0.6,0.047619
492,0.7,0.047619
492,0.8,0.047619
492,0.9,0.047619
492,1,0.047619
493,0.5,0.047619
493,0.6,0.047619
493,0.7,0.047619
493,0.8,0.047619
493,0.9,0.047619
493,1,0.047619
494,0.5,0.047619
494,0.6,0.047619
494,0.7,0.047619
494,0.8,0.047619
494,0.9,0.047619
494,1,0.047619
495,0.5,0.047619
495,0.6,0.047619
495,0.7,0.047619
495,0.8,0.047619
495,0.9,0.047619
495,1,0.047619
496,0.5,0.047619
496,0.6,0.047619
496,0.7,0.047619
496,0.8,0.047619
496,0.9,0.047619
496,1,0.047619
497,0.5,0.047619
497,0.6,0.047619
497,0.7,0.047619
497,0.8,0.05
497,0.9,0.047619
497,1,0.047619
498,0.5,0.047619
498,0.6,0.047619
498,0.7,0.047619
498,0.8,0.047619
498,0.9,0.047619
498,1,0.047619
499,0.5,0.047619
499,0.6,0.047619
499,0.7,0.047619
499,0.8,0.047619
499,0.9,0.047619
499,1,0.047619
500,0.5,0.047619
500,0.6,0.047619
500,0.7,0.047619
500,0.8,0.047619
500,0.9,0.047619
500,1,0.047619
501,0.5,0.047619
501,0.6,0.047619
501,0.7,0.047619
501,0.8,0.047619
501,0.9,0.047619
501,1,0.047619
502,0.5,0.047619
502,0.6,0.047619
502,0.7,0.047619
502,0.8,0.047619
502,0.9,0.047619
502,1,0.047619
503,0.5,0.047619
503,0.6,0.047619
503,0.7,0.047619
503,0.8,0.047619
503,0.9,0.047619
503,1,0.047619
504,0.5,0.047619
504,0.6,0.047619
504,0.7,0.047619
504,0.8,0.047619
504,0.9,0.047619
504,1,0.047619
505,0.5,0.047619
505,0.6,0.047619
505,0.7,0.047619
505,0.8,0.047619
505,0.9,0.047619
505,1,0.047619
506,0.5,0.047619
506,0.6,0.047619
506,0.7,0.047619
506,0.8,0.047619
506,0.9,0.047619
506,1,0.047619
507,0.5,0.047619
507,0.6,0.047619
507,0.7,0.047619
507,0.8,0.047619
507,0.9,0.047619
507,1,0.047619
508,0.5,0.047619
508,0.6,0.047619
508,0.7,0.047619
508,0.8,0.047619
508,0.9,0.047619
508,1,0.047619
509,0.5,0.047619
509,0.6,0.047619
509,0.7,0.047619
509,0.8,0.047619
509,0.9,0.047619
509,1,0.047619
510,0.5,0.047619
510,0.6,0.047619
510,0.7,0.047619
510,0.8,0.047619
510,0.9,0.047619
510,1,0.047619
511,0.5,0.047619
511,0.6,0.047619
511,0.7,0.05
511,0.8,0.047619
511,0.9,0.047619
511,1,0.047619
512,0.5,0.047619
512,0.6,0.047619
512,0.7,0.047619
512,0.8,0.047619
512,0.9,0.047619
512,1,0.047619
513,0.5,0.047619
513,0.6,0.047619
513,0.7,0.047619
513,0.8,0.05
513,0.9,0.047619
513,1,0.047619
514,0.5,0.05
514,0.6,0.047619
514,0.7,0.047619
514,0.8,0.047619
514,0.9,0.047619
514,1,0.047619
515,0.5,0.047619
515,0.6,0.047619
515,0.7,0.047619
515,0.8,0.047619
515,0.9,0.047619
515,1,0.047619
516,0.5,0.047619
516,0.6,0.047619
516,0.7,0.047619
516,0.8,0.047619
516,0.9,0.047619
516,1,0.047619
517,0.5,0.047619
517,0.6,0.047619
517,0.7,0.047619
517,0.8,0.047619
517,0.9,0.047619
517,1,0.047619
518,0.5,0.047619
518,0.6,0.047619
518,0.7,0.047619
518,0.8,0.047619
518,0.9,0.047619
518,1,0.047619
519,0.5,0.047619
519,0.6,0.047619
519,0.7,0.047619
519,0.8,0.047619
519,0.9,0.047619
519,1,0.047619
520,0.5,0.047619
520,0.6,0.047619
520,0.7,0.047619
520,0.8,0.047619
520,0.9,0.047619
520,1,0.047619
521,0.5,0.047619
521,0.6,0.047619
521,0.7,0.047619
521,0.8,0.047619
521,0.9,0.047619
521,1,0.047619
522,0.5,0.047619
522,0.6,0.047619
522,0.7,0.047619
522,0.8,0.047619
522,0.9,0.047619
522,1,0.047619
523,0.5,0.047619
523,0.6,0.047619
523,0.7,0.047619
523,0.8,0.047619
523,0.9,0.047619
523,1,0.047619
524,0.5,0.047619
524,0.6,0.047619
524,0.7,0.047619
524,0.8,0.047619
524,0.9,0.047619
524,1,0.047619
525,0.5,0.047619
525,0.6,0.047619
525,0.7,0.047619
525,0.8,0.047619
525,0.9,0.047619
525,1,0.047619
526,0.5,0.047619
526,0.6,0.047619
526,0.7,0.047619
526,0.8,0.047619
526,0.9,0.047619
526,1,0.047619
527,0.5,0.047619
527,0.6,0.047619
527,0.7,0.05
527,0.8,0.047619
527,0.9,0.05
527,1,0.047619
528,0.5,0.047619
528,0.6,0.047619
528,0.7,0.047619
528,0.8,0.047619
528,0.9,0.047619
528,1,0.047619
529,0.5,0.047619
529,0.6,0.047619
529,0.7,0.047619
529,0.8,0.047619
529,0.9,0.047619
529,1,0.047619
530,0.5,0.047619
530,0.6,0.047619
530,0.7,0.047619
530,0.8,0.047619
530,0.9,0.047619
530,1,0.047619
531,0.5,0.047619
531,0.6,0.047619
531,0.7,0.05
531,0.8,0.047619
531,0.9,0.047619
531,1,0.047619
532,0.5,0.047619
532,0.6,0.05
532,0.7,0.047619
532,0.8,0.047619
532,0.9,0.047619
532,1,0.047619
533,0.5,0.047619
533,0.6,0.047619
533,0.7,0.047619
533,0.8,0.047619
533,0.9,0.047619
533,1,0.047619
534,0.5,0.047619
534,0.6,0.047619
534,0.7,0.047619
534,0.8,0.047619
534,0.9,0.047619
534,1,0.047619
535,0.5,0.047619
535,0.6,0.047619
535,0.7,0.047619
535,0.8,0.047619
535,0.9,0.047619
535,1,0.047619
536,0.5,0.047619
536,0.6,0.047619
536,0.7,0.047619
536,0.8,0.047619
536,0.9,0.047619
536,1,0.047619
537,0.5,0.047619
537,0.6,0.047619
537,0.7,0.047619
537,0.8,0.047619
537,0.9,0.047619
537,1,0.047619
538,0.5,0.047619
538,0.6,0.047619
538,0.7,0.047619
538,0.8,0.047619
538,0.9,0.047619
538,1,0.047619
539,0.5,0.047619
539,0.6,0.047619
539,0.7,0.047619
539,0.8,0.047619
539,0.9,0.047619
539,1,0.047619
540,0.5,0.047619
540,0.6,0.047619
540,0.7,0.047619
540,0.8,0.047619
540,0.9,0.047619
540,1,0.047619
541,0.5,0.047619
541,0.6,0.047619
541,0.7,0.047619
541,0.8,0.047619
541,0.9,0.047619
541,1,0.047619
542,0.5,0.047619
542,0.6,0.047619
542,0.7,0.047619
542,0.8,0.047619
542,0.9,0.047619
542,1,0.047619
543,0.5,0.047619
543,0.6,0.047619
543,0.7,0.047619
543,0.8,0.047619
543,0.9,0.047619
543,1,0.047619
544,0.5,0.047619
544,0.6,0.047619
544,0.7,0.047619
544,0.8,0.047619
544,0.9,0.047619
544,1,0.047619
545,0.5,0.047619
545,0.6,0.047619
545,0.7,0.047619
545,0.8,0.047619
545,0.9,0.047619
545,1,0.047619
546,0.5,0.047619
546,0.6,0.047619
546,0.7,0.047619
546,0.8,0.047619
546,0.9,0.047619
546,1,0.047619
547,0.5,0.047619
547,0.6,0.047619
547,0.7,0.047619
547,0.8,0.047619
547,0.9,0.047619
547,1,0.047619
548,0.5,0.047619
548,0.6,0.047619
548,0.7,0.047619
548,0.8,0.047619
548,0.9,0.047619
548,1,0.047619
549,0.5,0.047619
549,0.6,0.047619
549,0.7,0.047619
549,0.8,0.047619
549,0.9,0.047619
549,1,0.047619
550,0.5,0.047619
550,0.6,0.047619
550,0.7,0.047619
550,0.8,0.047619
550,0.9,0.047619
550,1,0.047619
551,0.5,0.047619
551,0.6,0.047619
551,0.7,0.047619
551,0.8,0.047619
551,0.9,0.047619
551,1,0.047619
552,0.5,0.047619
552,0.6,0.047619
552,0.7,0.047619
552,0.8,0.047619
552,0.9,0.047619
552,1,0.047619
553,0.5,0.047619
553,0.6,0.047619
553,0.7,0.047619
553,0.8,0.047619
553,0.9,0.047619
553,1,0.047619
554,0.5,0.047619
554,0.6,0.047619
554,0.7,0.047619
554,0.8,0.047619
554,0.9,0.047619
554,1,0.047619
555,0.5,0.047619
555,0.6,0.047619
555,0.7,0.047619
555,0.8,0.047619
555,0.9,0.047619
555,1,0.047619
556,0.5,0.047619
556,0.6,0.047619
556,0.7,0.047619
556,0.8,0.047619
556,0.9,0.047619
556,1,0.047619
557,0.5,0.047619
557,0.6,0.047619
557,0.7,0.047619
557,0.8,0.047619
557,0.9,0.047619
557,1,0.047619
558,0.5,0.047619
558,0.6,0.047619
558,0.7,0.047619
558,0.8,0.047619
558,0.9,0.047619
558,1,0.047619
559,0.5,0.047619
559,0.6,0.047619
559,0.7,0.047619
559,0.8,0.047619
559,0.9,0.047619
559,1,0.047619
560,0.5,0.047619
560,0.6,0.047619
560,0.7,0.047619
560,0.8,0.047619
560,0.9,0.047619
560,1,0.047619
561,0.5,0.047619
561,0.6,0.047619
561,0.7,0.047619
561,0.8,0.047619
561,0.9,0.047619
561,1,0.047619
562,0.5,0.047619
562,0.6,0.047619
562,0.7,0.047619
562,0.8,0.047619
562,0.9,0.047619
562,1,0.047619
563,0.5,0.047619
563,0.6,0.047619
563,0.7,0.047619
563,0.8,0.047619
563,0.9,0.047619
563,1,0.047619
564,0.5,0.047619
564,0.6,0.047619
564,0.7,0.047619
564,0.8,0.047619
564,0.9,0.047619
564,1,0.047619
565,0.5,0.047619
565,0.6,0.047619
565,0.7,0.047619
565,0.8,0.047619
565,0.9,0.047619
565,1,0.047619
566,0.5,0.047619
566,0.6,0.047619
566,0.7,0.047619
566,0.8,0.047619
566,0.9,0.047619
566,1,0.047619
567,0.5,0.047619
567,0.6,0.047619
567,0.7,0.047619
567,0.8,0.047619
567,0.9,0.047619
567,1,0.047619
568,0.5,0.047619
568,0.6,0.047619
568,0.7,0.047619
568,0.8,0.047619
568,0.9,0.047619
568,1,0.047619
569,0.5,0.047619
569,0.6,0.047619
569,0.7,0.05
569,0.8,0.047619
569,0.9,0.047619
569,1,0.047619
570,0.5,0.047619
570,0.6,0.047619
570,0.7,0.047619
570,0.8,0.047619
570,0.9,0.047619
570,1,0.047619
571,0.5,0.047619
571,0.6,0.047619
571,0.7,0.047619
571,0.8,0.047619
571,0.9,0.047619
571,1,0.047619
572,0.5,0.047619
572,0.6,0.05
572,0.7,0.047619
572,0.8,0.047619
572,0.9,0.047619
572,1,0.047619
573,0.5,0.047619
573,0.6,0.047619
573,0.7,0.047619
573,0.8,0.047619
573,0.9,0.047619
573,1,0.047619
574,0.5,0.047619
574,0.6,0.047619
574,0.7,0.047619
574,0.8,0.047619
574,0.9,0.047619
574,1,0.047619
575,0.5,0.047619
575,0.6,0.047619
575,0.7,0.047619
575,0.8,0.047619
575,0.9,0.047619
575,1,0.047619
576,0.5,0.047619
576,0.6,0.047619
576,0.7,0.047619
576,0.8,0.047619
576,0.9,0.047619
576,1,0.047619
577,0.5,0.047619
577,0.6,0.047619
577,0.7,0.047619
577,0.8,0.047619
577,0.9,0.047619
577,1,0.047619
578,0.5,0.047619
578,0.6,0.047619
578,0.7,0.047619
578,0.8,0.047619
578,0.9,0.047619
578,1,0.047619
579,0.5,0.047619
579,0.6,0.047619
579,0.7,0.047619
579,0.8,0.047619
579,0.9,0.047619
579,1,0.047619
580,0.5,0.047619
580,0.6,0.047619
580,0.7,0.047619
580,0.8,0.047619
580,0.9,0.047619
580,1,0.047619
581,0.5,0.05
581,0.6,0.047619
581,0.7,0.047619
581,0.8,0.047619
581,0.9,0.047619
581,1,0.047619
582,0.5,0.047619
582,0.6,0.047619
582,0.7,0.047619
582,0.8,0.047619
582,0.9,0.047619
582,1,0.047619
583,0.5,0.047619
583,0.6,0.047619
583,0.7,0.047619
583,0.8,0.047619
583,0.9,0.047619
583,1,0.047619
584,0.5,0.047619
584,0.6,0.047619
584,0.7,0.047619
584,0.8,0.047619
584,0.9,0.047619
584,1,0.047619
585,0.5,0.047619
585,0.6,0.047619
585,0.7,0.047619
585,0.8,0.047619
585,0.9,0.047619
585,1,0.047619
586,0.5,0.047619
586,0.6,0.047619
586,0.7,0.047619
586,0.8,0.047619
586,0.9,0.047619
586,1,0.047619
587,0.5,0.047619
587,0.6,0.047619
587,0.7,0.047619
587,0.8,0.047619
587,0.9,0.047619
587,1,0.047619
588,0.5,0.047619
588,0.6,0.047619
588,0.7,0.047619
588,0.8,0.047619
588,0.9,0.047619
588,1,0.047619
589,0.5,0.047619
589,0.6,0.047619
589,0.7,0.047619
589,0.8,0.047619
589,0.9,0.047619
589,1,0.047619
590,0.5,0.047619
590,0.6,0.047619
590,0.7,0.047619
590,0.8,0.047619
590,0.9,0.047619
590,1,0.047619
591,0.5,0.047619
591,0.6,0.047619
591,0.7,0.047619
591,0.8,0.047619
591,0.9,0.047619
591,1,0.047619
592,0.5,0.047619
592,0.6,0.047619
592,0.7,0.047619
592,0.8,0.047619
592,0.9,0.047619
592,1,0.047619
593,0.5,0.047619
593,0.6,0.047619
593,0.7,0.047619
593,0.8,0.047619
593,0.9,0.047619
593,1,0.047619
594,0.5,0.047619
594,0.6,0.047619
594,0.7,0.047619
594,0.8,0.047619
594,0.9,0.047619
594,1,0.047619
595,0.5,0.047619
595,0.6,0.047619
595,0.7,0.047619
595,0.8,0.047619
595,0.9,0.047619
595,1,0.047619
596,0.5,0.047619
596,0.6,0.047619
596,0.7,0.047619
596,0.8,0.047619
596,0.9,0.047619
596,1,0.047619
597,0.5,0.047619
597,0.6,0.047619
597,0.7,0.047619
597,0.8,0.047619
597,0.9,0.047619
597,1,0.05
598,0.5,0.047619
598,0.6,0.047619
598,0.7,0.047619
598,0.8,0.047619
598,0.9,0.047619
598,1,0.047619
599,0.5,0.047619
599,0.6,0.047619
599,0.7,0.047619
599,0.8,0.047619
599,0.9,0.047619
599,1,0.047619
600,0.5,0.047619
600,0.6,0.047619
600,0.7,0.047619
600,0.8,0.047619
600,0.9,0.047619
600,1,0.047619
601,0.5,0.047619
601,0.6,0.047619
601,0.7,0.047619
601,0.8,0.047619
601,0.9,0.047619
601,1,0.047619
602,0.5,0.047619
602,0.6,0.047619
602,0.7,0.047619
602,0.8,0.047619
602,0.9,0.047619
602,1,0.047619
603,0.5,0.047619
603,0.6,0.047619
603,0.7,0.047619
603,0.8,0.047619
603,0.9,0.047619
603,1,0.047619
604,0.5,0.047619
604,0.6,0.047619
604,0.7,0.047619
604,0.8,0.047619
604,0.9,0.047619
604,1,0.047619
605,0.5,0.047619
605,0.6,0.047619
605,0.7,0.047619
605,0.8,0.047619
605,0.9,0.047619
605,1,0.047619
606,0.5,0.05
606,0.6,0.047619
606,0.7,0.047619
606,0.8,0.047619
606,0.9,0.047619
606,1,0.047619
607,0.5,0.047619
607,0.6,0.047619
607,0.7,0.047619
607,0.8,0.047619
607,0.9,0.047619
607,1,0.047619
608,0.5,0.047619
608,0.6,0.047619
608,0.7,0.047619
608,0.8,0.047619
608,0.9,0.05
608,1,0.047619
609,0.5,0.047619
609,0.6,0.047619
609,0.7,0.047619
609,0.8,0.047619
609,0.9,0.05
609,1,0.047619
610,0.5,0.047619
610,0.6,0.047619
610,0.7,0.047619
610,0.8,0.047619
610,0.9,0.047619
610,1,0.047619
611,0.5,0.047619
611,0.6,0.047619
611,0.7,0.047619
611,0.8,0.047619
611,0.9,0.047619
611,1,0.047619
612,0.5,0.047619
612,0.6,0.047619
612,0.7,0.047619
612,0.8,0.047619
612,0.9,0.047619
612,1,0.047619
613,0.5,0.047619
613,0.6,0.047619
613,0.7,0.047619
613,0.8,0.047619
613,0.9,0.047619
613,1,0.047619
614,0.5,0.047619
614,0.6,0.047619
614,0.7,0.047619
614,0.8,0.047619
614,0.9,0.047619
614,1,0.047619
615,0.5,0.047619
615,0.6,0.047619
615,0.7,0.047619
615,0.8,0.047619
615,0.9,0.047619
615,1,0.047619
616,0.5,0.047619
616,0.6,0.047619
616,0.7,0.047619
616,0.8,0.047619
616,0.9,0.047619
616,1,0.047619
617,0.5,0.047619
617,0.6,0.047619
617,0.7,0.047619
617,0.8,0.047619
617,0.9,0.047619
617,1,0.047619
618,0.5,0.047619
618,0.6,0.047619
618,0.7,0.047619
618,0.8,0.047619
618,0.9,0.047619
618,1,0.047619
619,0.5,0.047619
619,0.6,0.047619
619,0.7,0.047619
619,0.8,0.047619
619,0.9,0.047619
619,1,0.047619
620,0.5,0.047619
620,0.6,0.047619
620,0.7,0.047619
620,0.8,0.047619
620,0.9,0.047619
620,1,0.047619
621,0.5,0.047619
621,0.6,0.047619
621,0.7,0.047619
621,0.8,0.047619
621,0.9,0.047619
621,1,0.047619
622,0.5,0.047619
622,0.6,0.047619
622,0.7,0.047619
622,0.8,0.047619
622,0.9,0.047619
622,1,0.047619
623,0.5,0.047619
623,0.6,0.05
623,0.7,0.047619
623,0.8,0.047619
623,0.9,0.047619
623,1,0.047619
624,0.5,0.047619
624,0.6,0.047619
624,0.7,0.047619
624,0.8,0.047619
624,0.9,0.047619
624,1,0.047619
625,0.5,0.047619
625,0.6,0.047619
625,0.7,0.047619
625,0.8,0.047619
625,0.9,0.047619
625,1,0.047619
626,0.5,0.047619
626,0.6,0.047619
626,0.7,0.047619
626,0.8,0.047619
626,0.9,0.047619
626,1,0.047619
627,0.5,0.047619
627,0.6,0.047619
627,0.7,0.047619
627,0.8,0.047619
627,0.9,0.047619
627,1,0.047619
628,0.5,0.047619
628,0.6,0.047619
628,0.7,0.047619
628,0.8,0.047619
628,0.9,0.047619
628,1,0.047619
629,0.5,0.047619
629,0.6,0.0666667
629,0.7,0.047619
629,0.8,0.047619
629,0.9,0.047619
629,1,0.047619
630,0.5,0.047619
630,0.6,0.047619
630,0.7,0.047619
630,0.8,0.047619
630,0.9,0.047619
630,1,0.047619
631,0.5,0.047619
631,0.6,0.047619
631,0.7,0.047619
631,0.8,0.047619
631,0.9,0.047619
631,1,0.047619
632,0.5,0.047619
632,0.6,0.047619
632,0.7,0.047619
632,0.8,0.047619
632,0.9,0.047619
632,1,0.047619
633,0.5,0.047619
633,0.6,0.047619
633,0.7,0.047619
633,0.8,0.047619
633,0.9,0.047619
633,1,0.047619
634,0.5,0.047619
634,0.6,0.047619
634,0.7,0.047619
634,0.8,0.047619
634,0.9,0.047619
634,1,0.047619
635,0.5,0.047619
635,0.6,0.047619
635,0.7,0.047619
635,0.8,0.047619
635,0.9,0.047619
635,1,0.05
636,0.5,0.047619
636,0.6,0.047619
636,0.7,0.047619
636,0.8,0.047619
636,0.9,0.047619
636,1,0.047619
637,0.5,0.047619
637,0.6,0.047619
637,0.7,0.047619
637,0.8,0.047619
637,0.9,0.047619
637,1,0.047619
638,0.5,0.047619
638,0.6,0.047619
638,0.7,0.047619
638,0.8,0.047619
638,0.9,0.047619
638,1,0.047619
639,0.5,0.047619
639,0.6,0.047619
639,0.7,0.047619
639,0.8,0.047619
639,0.9,0.047619
639,1,0.047619
640,0.5,0.047619
640,0.6,0.047619
640,0.7,0.047619
640,0.8,0.047619
640,0.9,0.047619
640,1,0.047619
641,0.5,0.047619
641,0.6,0.047619
641,0.7,0.047619
641,0.8,0.047619
641,0.9,0.047619
641,1,0.047619
642,0.5,0.047619
642,0.6,0.047619
642,0.7,0.047619
642,0.8,0.047619
642,0.9,0.047619
642,1,0.047619
643,0.5,0.047619
643,0.6,0.047619
643,0.7,0.047619
643,0.8,0.05
643,0.9,0.047619
643,1,0.047619
644,0.5,0.047619
644,0.6,0.05
644,0.7,0.047619
644,0.8,0.047619
644,0.9,0.047619
644,1,0.047619
645,0.5,0.047619
645,0.6,0.047619
645,0.7,0.047619
645,0.8,0.047619
645,0.9,0.047619
645,1,0.047619
646,0.5,0.047619
646,0.6,0.047619
646,0.7,0.047619
646,0.8,0.047619
646,0.9,0.047619
646,1,0.047619
647,0.5,0.047619
647,0.6,0.047619
647,0.7,0.047619
647,0.8,0.047619
647,0.9,0.047619
647,1,0.047619
648,0.5,0.047619
648,0.6,0.047619
648,0.7,0.047619
648,0.8,0.047619
648,0.9,0.047619
648,1,0.047619
649,0.5,0.047619
649,0.6,0.047619
649,0.7,0.047619
649,0.8,0.047619
649,0.9,0.047619
649,1,0.047619
650,0.5,0.047619
650,0.6,0.047619
650,0.7,0.047619
650,0.8,0.047619
650,0.9,0.047619
650,1,0.047619
651,0.5,0.047619
651,0.6,0.047619
651,0.7,0.047619
651,0.8,0.047619
651,0.9,0.047619
651,1,0.047619
652,0.5,0.047619
652,0.6,0.047619
652,0.7,0.047619
652,0.8,0.047619
652,0.9,0.047619
652,1,0.047619
653,0.5,0.047619
653,0.6,0.047619
653,0.7,0.047619
653,0.8,0.047619
653,0.9,0.047619
653,1,0.047619
654,0.5,0.047619
654,0.6,0.047619
654,0.7,0.047619
654,0.8,0.047619
654,0.9,0.047619
654,1,0.047619
655,0.5,0.047619
655,0.6,0.047619
655,0.7,0.047619
655,0.8,0.047619
655,0.9,0.047619
655,1,0.047619
656,0.5,0.047619
656,0.6,0.047619
656,0.7,0.047619
656,0.8,0.047619
656,0.9,0.047619
656,1,0.047619
657,0.5,0.047619
657,0.6,0.047619
657,0.7,0.047619
657,0.8,0.047619
657,0.9,0.047619
657,1,0.047619
658,0.5,0.047619
658,0.6,0.047619
658,0.7,0.047619
658,0.8,0.047619
658,0.9,0.047619
658,1,0.047619
659,0.5,0.047619
659,0.6,0.047619
659,0.7,0.047619
659,0.8,0.047619
659,0.9,0.047619
659,1,0.047619
660,0.5,0.047619
660,0.6,0.047619
660,0.7,0.047619
660,0.8,0.047619
660,0.9,0.047619
660,1,0.047619
661,0.5,0.047619
661,0.6,0.047619
661,0.7,0.047619
661,0.8,0.047619
661,0.9,0.047619
661,1,0.047619
662,0.5,0.047619
662,0.6,0.047619
662,0.7,0.047619
662,0.8,0.047619
662,0.9,0.047619
662,1,0.047619
663,0.5,0.047619
663,0.6,0.047619
663,0.7,0.047619
663,0.8,0.047619
663,0.9,0.047619
663,1,0.047619
664,0.5,0.047619
664,0.6,0.047619
664,0.7,0.047619
664,0.8,0.047619
664,0.9,0.047619
664,1,0.047619
665,0.5,0.047619
665,0.6,0.047619
665,0.7,0.047619
665,0.8,0.047619
665,0.9,0.047619
665,1,0.047619
666,0.5,0.047619
666,0.6,0.047619
666,0.7,0.047619
666,0.8,0.047619
666,0.9,0.047619
666,1,0.047619
667,0.5,0.047619
667,0.6,0.05
667,0.7,0.047619
667,0.8,0.047619
667,0.9,0.047619
667,1,0.047619
668,0.5,0.047619
668,0.6,0.047619
668,0.7,0.047619
668,0.8,0.047619
668,0.9,0.047619
668,1,0.047619
669,0.5,0.047619
669,0.6,0.047619
669,0.7,0.047619
669,0.8,0.047619
669,0.9,0.047619
669,1,0.047619
670,0.5,0.047619
670,0.6,0.047619
670,0.7,0.047619
670,0.8,0.047619
670,0.9,0.047619
670,1,0.047619
671,0.5,0.047619
671,0.6,0.047619
671,0.7,0.047619
671,0.8,0.047619
671,0.9,0.047619
671,1,0.047619
672,0.5,0.047619
672,0.6,0.047619
672,0.7,0.047619
672,0.8,0.047619
672,0.9,0.047619
672,1,0.047619
673,0.5,0.047619
673,0.6,0.047619
673,0.7,0.047619
673,0.8,0.047619
673,0.9,0.047619
673,1,0.047619
674,0.5,0.047619
674,0.6,0.047619
674,0.7,0.047619
674,0.8,0.047619
674,0.9,0.047619
674,1,0.047619
675,0.5,0.047619
675,0.6,0.047619
675,0.7,0.047619
675,0.8,0.047619
675,0.9,0.047619
675,1,0.047619
676,0.5,0.047619
676,0.6,0.047619
676,0.7,0.047619
676,0.8,0.047619
676,0.9,0.047619
676,1,0.047619
677,0.5,0.047619
677,0.6,0.047619
677,0.7,0.047619
677,0.8,0.047619
677,0.9,0.047619
677,1,0.047619
678,0.5,0.047619
678,0.6,0.047619
678,0.7,0.047619
678,0.8,0.047619
678,0.9,0.047619
678,1,0.047619
679,0.5,0.047619
679,0.6,0.047619
679,0.7,0.047619
679,0.8,0.047619
679,0.9,0.047619
679,1,0.047619
680,0.5,0.047619
680,0.6,0.047619
680,0.7,0.047619
680,0.8,0.047619
680,0.9,0.047619
680,1,0.047619
681,0.5,0.047619
681,0.6,0.047619
681,0.7,0.047619
681,0.8,0.047619
681,0.9,0.047619
681,1,0.047619
682,0.5,0.047619
682,0.6,0.047619
682,0.7,0.047619
682,0.8,0.047619
682,0.9,0.047619
682,1,0.047619
683,0.5,0.047619
683,0.6,0.047619
683,0.7,0.047619
683,0.8,0.047619
683,0.9,0.047619
683,1,0.047619
684,0.5,0.047619
684,0.6,0.047619
684,0.7,0.047619
684,0.8,0.047619
684,0.9,0.047619
684,1,0.047619
685,0.5,0.047619
685,0.6,0.047619
685,0.7,0.047619
685,0.8,0.047619
685,0.9,0.047619
685,1,0.047619
686,0.5,0.047619
686,0.6,0.047619
686,0.7,0.047619
686,0.8,0.047619
686,0.9,0.047619
686,1,0.047619
687,0.5,0.047619
687,0.6,0.047619
687,0.7,0.047619
687,0.8,0.047619
687,0.9,0.047619
687,1,0.047619
688,0.5,0.047619
688,0.6,0.05
688,0.7,0.047619
688,0.8,0.047619
688,0.9,0.047619
688,1,0.047619
689,0.5,0.047619
689,0.6,0.047619
689,0.7,0.047619
689,0.8,0.047619
689,0.9,0.047619
689,1,0.047619
690,0.5,0.047619
690,0.6,0.047619
690,0.7,0.047619
690,0.8,0.047619
690,0.9,0.047619
690,1,0.047619
691,0.5,0.047619
691,0.6,0.047619
691,0.7,0.047619
691,0.8,0.047619
691,0.9,0.047619
691,1,0.047619
692,0.5,0.047619
692,0.6,0.047619
692,0.7,0.047619
692,0.8,0.047619
692,0.9,0.047619
692,1,0.047619
693,0.5,0.047619
693,0.6,0.047619
693,0.7,0.047619
693,0.8,0.047619
693,0.9,0.047619
693,1,0.047619
694,0.5,0.047619
694,0.6,0.047619
694,0.7,0.047619
694,0.8,0.047619
694,0.9,0.047619
694,1,0.047619
695,0.5,0.047619
695,0.6,0.047619
695,0.7,0.047619
695,0.8,0.047619
695,0.9,0.047619
695,1,0.047619
696,0.5,0.047619
696,0.6,0.047619
696,0.7,0.047619
696,0.8,0.047619
696,0.9,0.047619
696,1,0.047619
697,0.5,0.047619
697,0.6,0.047619
697,0.7,0.047619
697,0.8,0.047619
697,0.9,0.047619
697,1,0.047619
698,0.5,0.047619
698,0.6,0.047619
698,0.7,0.047619
698,0.8,0.047619
698,0.9,0.047619
698,1,0.047619
699,0.5,0.047619
699,0.6,0.047619
699,0.7,0.047619
699,0.8,0.047619
699,0.9,0.047619
699,1,0.047619
700,0.5,0.047619
700,0.6,0.047619
700,0.7,0.047619
700,0.8,0.047619
700,0.9,0.047619
700,1,0.047619
701,0.5,0.047619
701,0.6,0.047619
701,0.7,0.047619
701,0.8,0.047619
701,0.9,0.047619
701,1,0.047619
702,0.5,0.047619
702,0.6,0.047619
702,0.7,0.047619
702,0.8,0.047619
702,0.9,0.047619
702,1,0.047619
703,0.5,0.047619
703,0.6,0.047619
703,0.7,0.047619
703,0.8,0.047619
703,0.9,0.047619
703,1,0.047619
704,0.5,0.047619
704,0.6,0.047619
704,0.7,0.047619
704,0.8,0.047619
704,0.9,0.047619
704,1,0.047619
705,0.5,0.047619
705,0.6,0.047619
705,0.7,0.047619
705,0.8,0.047619
705,0.9,0.047619
705,1,0.047619
706,0.5,0.047619
706,0.6,0.05
706,0.7,0.047619
706,0.8,0.047619
706,0.9,0.047619
706,1,0.047619
707,0.5,0.047619
707,0.6,0.047619
707,0.7,0.047619
707,0.8,0.047619
707,0.9,0.047619
707,1,0.047619
708,0.5,0.047619
708,0.6,0.047619
708,0.7,0.047619
708,0.8,0.047619
708,0.9,0.047619
708,1,0.047619
709,0.5,0.047619
709,0.6,0.047619
709,0.7,0.047619
709,0.8,0.047619
709,0.9,0.047619
709,1,0.047619
710,0.5,0.047619
710,0.6,0.047619
710,0.7,0.047619
710,0.8,0.047619
710,0.9,0.047619
710,1,0.047619
711,0.5,0.047619
711,0.6,0.047619
711,0.7,0.047619
711,0.8,0.047619
711,0.9,0.047619
711,1,0.047619
712,0.5,0.047619
712,0.6,0.047619
712,0.7,0.047619
712,0.8,0.047619
712,0.9,0.047619
712,1,0.047619
713,0.5,0.047619
713,0.6,0.05
713,0.7,0.047619
713,0.8,0.047619
713,0.9,0.047619
713,1,0.047619
714,0.5,0.047619
714,0.6,0.047619
714,0.7,0.047619
714,0.8,0.047619
714,0.9,0.047619
714,1,0.047619
715,0.5,0.047619
715,0.6,0.047619
715,0.7,0.047619
715,0.8,0.047619
715,0.9,0.047619
715,1,0.047619
716,0.5,0.047619
716,0.6,0.047619
716,0.7,0.047619
716,0.8,0.047619
716,0.9,0.047619
716,1,0.047619
717,0.5,0.047619
717,0.6,0.047619
717,0.7,0.047619
717,0.8,0.047619
717,0.9,0.047619
717,1,0.047619
718,0.5,0.047619
718,0.6,0.047619
718,0.7,0.047619
718,0.8,0.047619
718,0.9,0.047619
718,1,0.047619
719,0.5,0.047619
719,0.6,0.047619
719,0.7,0.047619
719,0.8,0.047619
719,0.9,0.047619
719,1,0.047619
720,0.5,0.047619
720,0.6,0.047619
720,0.7,0.047619
720,0.8,0.047619
720,0.9,0.047619
720,1,0.047619
721,0.5,0.047619
721,0.6,0.047619
721,0.7,0.047619
721,0.8,0.047619
721,0.9,0.047619
721,1,0.047619
722,0.5,0.047619
722,0.6,0.047619
722,0.7,0.047619
722,0.8,0.047619
722,0.9,0.047619
722,1,0.047619
723,0.5,0.047619
723,0.6,0.047619
723,0.7,0.047619
723,0.8,0.047619
723,0.9,0.047619
723,1,0.047619
724,0.5,0.047619
724,0.6,0.047619
724,0.7,0.047619
724,0.8,0.047619
724,0.9,0.047619
724,1,0.047619
725,0.5,0.047619
725,0.6,0.047619
725,0.7,0.047619
725,0.8,0.047619
725,0.9,0.047619
725,1,0.047619
726,0.5,0.047619
726,0.6,0.047619
726,0.7,0.047619
726,0.8,0.047619
726,0.9,0.047619
726,1,0.047619
727,0.5,0.047619
727,0.6,0.05
727,0.7,0.047619
727,0.8,0.047619
727,0.9,0.047619
727,1,0.047619
728,0.5,0.047619
728,0.6,0.047619
728,0.7,0.047619
728,0.8,0.047619
728,0.9,0.047619
728,1,0.047619
729,0.5,0.047619
729,0.6,0.047619
729,0.7,0.047619
729,0.8,0.047619
729,0.9,0.047619
729,1,0.047619
730,0.5,0.047619
730,0.6,0.047619
730,0.7,0.047619
730,0.8,0.047619
730,0.9,0.047619
730,1,0.047619
731,0.5,0.047619
731,0.6,0.047619
731,0.7,0.047619
731,0.8,0.047619
731,0.9,0.047619
731,1,0.047619
732,0.5,0.047619
732,0.6,0.047619
732,0.7,0.047619
732,0.8,0.05
732,0.9,0.047619
732,1,0.047619
733,0.5,0.047619
733,0.6,0.047619
733,0.7,0.047619
733,0.8,0.047619
733,0.9,0.047619
733,1,0.047619
734,0.5,0.047619
734,0.6,0.047619
734,0.7,0.047619
734,0.8,0.047619
734,0.9,0.047619
734,1,0.047619
735,0.5,0.047619
735,0.6,0.047619
735,0.7,0.047619
735,0.8,0.047619
735,0.9,0.047619
735,1,0.047619
736,0.5,0.047619
736,0.6,0.047619
736,0.7,0.047619
736,0.8,0.047619
736,0.9,0.047619
736,1,0.047619
737,0.5,0.047619
737,0.6,0.047619
737,0.7,0.047619
737,0.8,0.047619
737,0.9,0.047619
737,1,0.047619
738,0.5,0.047619
738,0.6,0.047619
738,0.7,0.047619
738,0.8,0.047619
738,0.9,0.047619
738,1,0.047619
739,0.5,0.047619
739,0.6,0.047619
739,0.7,0.047619
739,0.8,0.047619
739,0.9,0.047619
739,1,0.047619
740,0.5,0.047619
740,0.6,0.047619
740,0.7,0.047619
740,0.8,0.047619
740,0.9,0.047619
740,1,0.047619
741,0.5,0.047619
741,0.6,0.047619
741,0.7,0.047619
741,0.8,0.047619
741,0.9,0.047619
741,1,0.047619
742,0.5,0.047619
742,0.6,0.047619
742,0.7,0.047619
742,0.8,0.047619
742,0.9,0.047619
742,1,0.047619
743,0.5,0.047619
743,0.6,0.047619
743,0.7,0.047619
743,0.8,0.047619
743,0.9,0.047619
743,1,0.047619
744,0.5,0.047619
744,0.6,0.047619
744,0.7,0.047619
744,0.8,0.047619
744,0.9,0.047619
744,1,0.047619
745,0.5,0.047619
745,0.6,0.047619
745,0.7,0.047619
745,0.8,0.047619
745,0.9,0.047619
745,1,0.047619
746,0.5,0.047619
746,0.6,0.047619
746,0.7,0.047619
746,0.8,0.047619
746,0.9,0.047619
746,1,0.047619
747,0.5,0.047619
747,0.6,0.047619
747,0.7,0.047619
747,0.8,0.047619
747,0.9,0.047619
747,1,0.047619
748,0.5,0.047619
748,0.6,0.047619
748,0.7,0.047619
748,0.8,0.047619
748,0.9,0.047619
748,1,0.047619
749,0.5,0.047619
749,0.6,0.047619
749,0.7,0.047619
749,0.8,0.047619
749,0.9,0.047619
749,1,0.047619
750,0.5,0.047619
750,0.6,0.047619
750,0.7,0.047619
750,0.8,0.047619
750,0.9,0.047619
750,1,0.047619
751,0.5,0.047619
751,0.6,0.047619
751,0.7,0.047619
751,0.8,0.047619
751,0.9,0.047619
751,1,0.047619
752,0.5,0.047619
752,0.6,0.047619
752,0.7,0.047619
752,0.8,0.047619
752,0.9,0.047619
752,1,0.047619
753,0.5,0.047619
753,0.6,0.047619
753,0.7,0.047619
753,0.8,0.047619
753,0.9,0.047619
753,1,0.047619
754,0.5,0.047619
754,0.6,0.047619
754,0.7,0.047619
754,0.8,0.047619
754,0.9,0.047619
754,1,0.047619
755,0.5,0.047619
755,0.6,0.047619
755,0.7,0.047619
755,0.8,0.047619
755,0.9,0.047619
755,1,0.047619
756,0.5,0.047619
756,0.6,0.047619
756,0.7,0.047619
756,0.8,0.047619
756,0.9,0.047619
756,1,0.047619
757,0.5,0.047619
757,0.6,0.047619
757,0.7,0.047619
757,0.8,0.047619
757,0.9,0.047619
757,1,0.047619
758,0.5,0.047619
758,0.6,0.047619
758,0.7,0.047619
758,0.8,0.047619
758,0.9,0.047619
758,1,0.047619
759,0.5,0.047619
759,0.6,0.047619
759,0.7,0.047619
759,0.8,0.0666667
759,0.9,0.047619
759,1,0.047619
760,0.5,0.047619
760,0.6,0.047619
760,0.7,0.047619
760,0.8,0.047619
760,0.9,0.047619
760,1,0.047619
761,0.5,0.047619
761,0.6,0.047619
761,0.7,0.047619
761,0.8,0.047619
761,0.9,0.047619
761,1,0.047619
762,0.5,0.047619
762,0.6,0.047619
762,0.7,0.047619
762,0.8,0.047619
762,0.9,0.047619
762,1,0.047619
763,0.5,0.047619
763,0.6,0.047619
763,0.7,0.047619
763,0.8,0.047619
763,0.9,0.047619
763,1,0.047619
764,0.5,0.047619
764,0.6,0.047619
764,0.7,0.047619
764,0.8,0.047619
764,0.9,0.047619
764,1,0.047619
765,0.5,0.047619
765,0.6,0.047619
765,0.7,0.047619
765,0.8,0.047619
765,0.9,0.047619
765,1,0.047619
766,0.5,0.047619
766,0.6,0.047619
766,0.7,0.047619
766,0.8,0.047619
766,0.9,0.047619
766,1,0.047619
767,0.5,0.047619
767,0.6,0.047619
767,0.7,0.047619
767,0.8,0.047619
767,0.9,0.047619
767,1,0.047619
768,0.5,0.047619
768,0.6,0.047619
768,0.7,0.047619
768,0.8,0.047619
768,0.9,0.047619
768,1,0.047619
769,0.5,0.047619
769,0.6,0.047619
769,0.7,0.047619
769,0.8,0.047619
769,0.9,0.047619
769,1,0.047619
770,0.5,0.047619
770,0.6,0.047619
770,0.7,0.047619
770,0.8,0.047619
770,0.9,0.047619
770,1,0.047619
771,0.5,0.047619
771,0.6,0.047619
771,0.7,0.047619
771,0.8,0.047619
771,0.9,0.047619
771,1,0.047619
772,0.5,0.047619
772,0.6,0.047619
772,0.7,0.047619
772,0.8,0.047619
772,0.9,0.047619
772,1,0.047619
773,0.5,0.047619
773,0.6,0.047619
773,0.7,0.047619
773,0.8,0.047619
773,0.9,0.047619
773,1,0.047619
774,0.5,0.047619
774,0.6,0.047619
774,0.7,0.047619
774,0.8,0.047619
774,0.9,0.047619
774,1,0.047619
775,0.5,0.047619
775,0.6,0.047619
775,0.7,0.047619
775,0.8,0.047619
775,0.9,0.047619
775,1,0.047619
776,0.5,0.047619
776,0.6,0.047619
776,0.7,0.047619
776,0.8,0.047619
776,0.9,0.047619
776,1,0.047619
777,0.5,0.047619
777,0.6,0.047619
777,0.7,0.047619
777,0.8,0.047619
777,0.9,0.047619
777,1,0.047619
778,0.5,0.047619
778,0.6,0.047619
778,0.7,0.047619
778,0.8,0.047619
778,0.9,0.047619
778,1,0.047619
779,0.5,0.047619
779,0.6,0.047619
779,0.7,0.047619
779,0.8,0.047619
779,0.9,0.047619
779,1,0.047619
780,0.5,0.047619
780,0.6,0.047619
780,0.7,0.047619
780,0.8,0.0666667
780,0.9,0.047619
780,1,0.047619
781,0.5,0.047619
781,0.6,0.047619
781,0.7,0.047619
781,0.8,0.047619
781,0.9,0.047619
781,1,0.047619
782,0.5,0.047619
782,0.6,0.047619
782,0.7,0.047619
782,0.8,0.047619
782,0.9,0.047619
782,1,0.047619
783,0.5,0.047619
783,0.6,0.047619
783,0.7,0.047619
783,0.8,0.047619
783,0.9,0.047619
783,1,0.047619
784,0.5,0.047619
784,0.6,0.047619
784,0.7,0.047619
784,0.8,0.047619
784,0.9,0.047619
784,1,0.047619
785,0.5,0.047619
785,0.6,0.047619
785,0.7,0.047619
785,0.8,0.047619
785,0.9,0.047619
785,1,0.047619
786,0.5,0.047619
786,0.6,0.047619
786,0.7,0.047619
786,0.8,0.047619
786,0.9,0.047619
786,1,0.047619
787,0.5,0.047619
787,0.6,0.047619
787,0.7,0.047619
787,0.8,0.047619
787,0.9,0.047619
787,1,0.047619
788,0.5,0.047619
788,0.6,0.047619
788,0.7,0.05
788,0.8,0.047619
788,0.9,0.047619
788,1,0.047619
789,0.5,0.047619
789,0.6,0.047619
789,0.7,0.047619
789,0.8,0.047619
789,0.9,0.047619
789,1,0.047619
790,0.5,0.047619
790,0.6,0.047619
790,0.7,0.047619
790,0.8,0.047619
790,0.9,0.047619
790,1,0.047619
791,0.5,0.047619
791,0.6,0.047619
791,0.7,0.047619
791,0.8,0.047619
791,0.9,0.047619
791,1,0.047619
792,0.5,0.047619
792,0.6,0.047619
792,0.7,0.047619
792,0.8,0.047619
792,0.9,0.047619
792,1,0.047619
793,0.5,0.047619
793,0.6,0.047619
793,0.7,0.047619
793,0.8,0.047619
793,0.9,0.047619
793,1,0.047619
794,0.5,0.047619
794,0.6,0.047619
794,0.7,0.047619
794,0.8,0.047619
794,0.9,0.047619
794,1,0.047619
795,0.5,0.047619
795,0.6,0.047619
795,0.7,0.047619
795,0.8,0.047619
795,0.9,0.047619
795,1,0.047619
796,0.5,0.047619
796,0.6,0.047619
796,0.7,0.047619
796,0.8,0.047619
796,0.9,0.047619
796,1,0.05
797,0.5,0.047619
797,0.6,0.047619
797,0.7,0.047619
797,0.8,0.047619
797,0.9,0.047619
797,1,0.047619
798,0.5,0.047619
798,0.6,0.047619
798,0.7,0.047619
798,0.8,0.047619
798,0.9,0.047619
798,1,0.047619
799,0.5,0.047619
799,0.6,0.047619
799,0.7,0.047619
799,0.8,0.047619
799,0.9,0.047619
799,1,0.047619
800,0.5,0.047619
800,0.6,0.047619
800,0.7,0.047619
800,0.8,0.047619
800,0.9,0.047619
800,1,0.047619
801,0.5,0.047619
801,0.6,0.047619
801,0.7,0.047619
801,0.8,0.047619
801,0.9,0.047619
801,1,0.047619
802,0.5,0.047619
802,0.6,0.047619
802,0.7,0.047619
802,0.8,0.047619
802,0.9,0.047619
802,1,0.047619
803,0.5,0.047619
803,0.6,0.047619
803,0.7,0.047619
803,0.8,0.047619
803,0.9,0.047619
803,1,0.047619
804,0.5,0.047619
804,0.6,0.047619
804,0.7,0.047619
804,0.8,0.047619
804,0.9,0.047619
804,1,0.047619
805,0.5,0.047619
805,0.6,0.047619
805,0.7,0.047619
805,0.8,0.047619
805,0.9,0.047619
805,1,0.047619
806,0.5,0.047619
806,0.6,0.047619
806,0.7,0.047619
806,0.8,0.047619
806,0.9,0.047619
806,1,0.047619
807,0.5,0.047619
807,0.6,0.047619
807,0.7,0.047619
807,0.8,0.047619
807,0.9,0.047619
807,1,0.047619
808,0.5,0.047619
808,0.6,0.047619
808,0.7,0.047619
808,0.8,0.047619
808,0.9,0.047619
808,1,0.047619
809,0.5,0.047619
809,0.6,0.047619
809,0.7,0.047619
809,0.8,0.047619
809,0.9,0.047619
809,1,0.047619
810,0.5,0.047619
810,0.6,0.047619
810,0.7,0.047619
810,0.8,0.047619
810,0.9,0.047619
810,1,0.047619
811,0.5,0.047619
811,0.6,0.047619
811,0.7,0.047619
811,0.8,0.047619
811,0.9,0.047619
811,1,0.047619
812,0.5,0.047619
812,0.6,0.047619
812,0.7,0.047619
812,0.8,0.047619
812,0.9,0.047619
812,1,0.047619
813,0.5,0.047619
813,0.6,0.047619
813,0.7,0.047619
813,0.8,0.047619
813,0.9,0.047619
813,1,0.047619
814,0.5,0.047619
814,0.6,0.047619
814,0.7,0.047619
814,0.8,0.047619
814,0.9,0.047619
814,1,0.047619
815,0.5,0.047619
815,0.6,0.047619
815,0.7,0.047619
815,0.8,0.047619
815,0.9,0.047619
815,1,0.047619
816,0.5,0.047619
816,0.6,0.047619
816,0.7,0.047619
816,0.8,0.047619
816,0.9,0.047619
816,1,0.047619
817,0.5,0.047619
817,0.6,0.047619
817,0.7,0.047619
817,0.8,0.047619
817,0.9,0.047619
817,1,0.047619
818,0.5,0.047619
818,0.6,0.047619
818,0.7,0.047619
818,0.8,0.047619
818,0.9,0.047619
818,1,0.047619
819,0.5,0.047619
819,0.6,0.047619
819,0.7,0.047619
819,0.8,0.047619
819,0.9,0.047619
819,1,0.047619
820,0.5,0.047619
820,0.6,0.047619
820,0.7,0.047619
820,0.8,0.047619
820,0.9,0.047619
820,1,0.047619
821,0.5,0.047619
821,0.6,0.047619
821,0.7,0.047619
821,0.8,0.047619
821,0.9,0.047619
821,1,0.047619
822,0.5,0.047619
822,0.6,0.047619
822,0.7,0.047619
822,0.8,0.047619
822,0.9,0.047619
822,1,0.047619
823,0.5,0.047619
823,0.6,0.047619
823,0.7,0.047619
823,0.8,0.047619
823,0.9,0.047619
823,1,0.047619
824,0.5,0.047619
824,0.6,0.047619
824,0.7,0.047619
824,0.8,0.047619
824,0.9,0.047619
824,1,0.047619
825,0.5,0.047619
825,0.6,0.047619
825,0.7,0.047619
825,0.8,0.047619
825,0.9,0.047619
825,1,0.047619
826,0.5,0.047619
826,0.6,0.047619
826,0.7,0.047619
826,0.8,0.047619
826,0.9,0.047619
826,1,0.047619
827,0.5,0.047619
827,0.6,0.047619
827,0.7,0.047619
827,0.8,0.047619
827,0.9,0.047619
827,1,0.047619
828,0.5,0.047619
828,0.6,0.047619
828,0.7,0.047619
828,0.8,0.047619
828,0.9,0.047619
828,1,0.047619
829,0.5,0.047619
829,0.6,0.047619
829,0.7,0.047619
829,0.8,0.047619
829,0.9,0.047619
829,1,0.047619
830,0.5,0.047619
830,0.6,0.047619
830,0.7,0.047619
830,0.8,0.047619
830,0.9,0.047619
830,1,0.047619
831,0.5,0.047619
831,0.6,0.047619
831,0.7,0.047619
831,0.8,0.047619
831,0.9,0.047619
831,1,0.047619
832,0.5,0.047619
832,0.6,0.047619
832,0.7,0.047619
832,0.8,0.047619
832,0.9,0.047619
832,1,0.047619
833,0.5,0.047619
833,0.6,0.047619
833,0.7,0.047619
833,0.8,0.047619
833,0.9,0.047619
833,1,0.047619
834,0.5,0.047619
834,0.6,0.047619
834,0.7,0.047619
834,0.8,0.047619
834,0.9,0.047619
834,1,0.047619
835,0.5,0.047619
835,0.6,0.047619
835,0.7,0.047619
835,0.8,0.047619
835,0.9,0.047619
835,1,0.047619
836,0.5,0.047619
836,0.6,0.047619
836,0.7,0.047619
836,0.8,0.047619
836,0.9,0.047619
836,1,0.047619
837,0.5,0.047619
837,0.6,0.047619
837,0.7,0.047619
837,0.8,0.047619
837,0.9,0.047619
837,1,0.047619
838,0.5,0.047619
838,0.6,0.047619
838,0.7,0.047619
838,0.8,0.047619
838,0.9,0.047619
838,1,0.047619
839,0.5,0.047619
839,0.6,0.047619
839,0.7,0.047619
839,0.8,0.047619
839,0.9,0.047619
839,1,0.047619
840,0.5,0.047619
840,0.6,0.047619
840,0.7,0.047619
840,0.8,0.047619
840,0.9,0.047619
840,1,0.047619
841,0.5,0.047619
841,0.6,0.047619
841,0.7,0.047619
841,0.8,0.047619
841,0.9,0.047619
841,1,0.047619
842,0.5,0.047619
842,0.6,0.047619
842,0.7,0.047619
842,0.8,0.047619
842,0.9,0.047619
842,1,0.047619
843,0.5,0.047619
843,0.6,0.047619
843,0.7,0.047619
843,0.8,0.047619
843,0.9,0.047619
843,1,0.047619
844,0.5,0.047619
844,0.6,0.047619
844,0.7,0.047619
844,0.8,0.047619
844,0.9,0.047619
844,1,0.047619
845,0.5,0.047619
845,0.6,0.047619
845,0.7,0.047619
845,0.8,0.047619
845,0.9,0.047619
845,1,0.047619
846,0.5,0.047619
846,0.6,0.047619
846,0.7,0.047619
846,0.8,0.047619
846,0.9,0.047619
846,1,0.047619
847,0.5,0.047619
847,0.6,0.047619
847,0.7,0.047619
847,0.8,0.047619
847,0.9,0.047619
847,1,0.047619
848,0.5,0.047619
848,0.6,0.047619
848,0.7,0.047619
848,0.8,0.047619
848,0.9,0.047619
848,1,0.047619
849,0.5,0.047619
849,0.6,0.047619
849,0.7,0.047619
849,0.8,0.047619
849,0.9,0.047619
849,1,0.047619
850,0.5,0.047619
850,0.6,0.047619
850,0.7,0.047619
850,0.8,0.047619
850,0.9,0.047619
850,1,0.047619
851,0.5,0.047619
851,0.6,0.047619
851,0.7,0.047619
851,0.8,0.047619
851,0.9,0.047619
851,1,0.047619
852,0.5,0.047619
852,0.6,0.047619
852,0.7,0.047619
852,0.8,0.047619
852,0.9,0.047619
852,1,0.047619
853,0.5,0.047619
853,0.6,0.047619
853,0.7,0.047619
853,0.8,0.047619
853,0.9,0.047619
853,1,0.047619
854,0.5,0.047619
854,0.6,0.047619
854,0.7,0.047619
854,0.8,0.047619
854,0.9,0.047619
854,1,0.047619
855,0.5,0.047619
855,0.6,0.047619
855,0.7,0.047619
855,0.8,0.047619
855,0.9,0.047619
855,1,0.047619
856,0.5,0.047619
856,0.6,0.047619
856,0.7,0.047619
856,0.8,0.047619
856,0.9,0.047619
856,1,0.047619
857,0.5,0.047619
857,0.6,0.047619
857,0.7,0.047619
857,0.8,0.047619
857,0.9,0.047619
857,1,0.047619
858,0.5,0.047619
858,0.6,0.047619
858,0.7,0.047619
858,0.8,0.047619
858,0.9,0.047619
858,1,0.047619
859,0.5,0.047619
859,0.6,0.047619
859,0.7,0.047619
859,0.8,0.047619
859,0.9,0.047619
859,1,0.047619
860,0.5,0.047619
860,0.6,0.047619
860,0.7,0.047619
860,0.8,0.047619
860,0.9,0.047619
860,1,0.047619
861,0.5,0.047619
861,0.6,0.047619
861,0.7,0.047619
861,0.8,0.047619
861,0.9,0.047619
861,1,0.047619
862,0.5,0.047619
862,0.6,0.047619
862,0.7,0.047619
862,0.8,0.047619
862,0.9,0.047619
862,1,0.047619
863,0.5,0.047619
863,0.6,0.047619
863,0.7,0.047619
863,0.8,0.047619
863,0.9,0.047619
863,1,0.047619
864,0.5,0.047619
864,0.6,0.047619
864,0.7,0.047619
864,0.8,0.047619
864,0.9,0.047619
864,1,0.047619
865,0.5,0.047619
865,0.6,0.047619
865,0.7,0.047619
865,0.8,0.047619
865,0.9,0.047619
865,1,0.047619
866,0.5,0.047619
866,0.6,0.047619
866,0.7,0.047619
866,0.8,0.047619
866,0.9,0.047619
866,1,0.047619
867,0.5,0.047619
867,0.6,0.047619
867,0.7,0.047619
867,0.8,0.047619
867,0.9,0.047619
867,1,0.047619
868,0.5,0.047619
868,0.6,0.047619
868,0.7,0.047619
868,0.8,0.047619
868,0.9,0.047619
868,1,0.047619
869,0.5,0.047619
869,0.6,0.047619
869,0.7,0.047619
869,0.8,0.047619
869,0.9,0.047619
869,1,0.047619
870,0.5,0.047619
870,0.6,0.047619
870,0.7,0.047619
870,0.8,0.047619
870,0.9,0.047619
870,1,0.047619
871,0.5,0.047619
871,0.6,0.047619
871,0.7,0.047619
871,0.8,0.047619
871,0.9,0.047619
871,1,0.047619
872,0.5,0.047619
872,0.6,0.047619
872,0.7,0.047619
872,0.8,0.047619
872,0.9,0.047619
872,1,0.047619
873,0.5,0.047619
873,0.6,0.047619
873,0.7,0.047619
873,0.8,0.047619
873,0.9,0.047619
873,1,0.047619
874,0.5,0.047619
874,0.6,0.047619
874,0.7,0.047619
874,0.8,0.047619
874,0.9,0.047619
874,1,0.047619
875,0.5,0.047619
875,0.6,0.047619
875,0.7,0.047619
875,0.8,0.047619
875,0.9,0.047619
875,1,0.047619
876,0.5,0.047619
876,0.6,0.047619
876,0.7,0.047619
876,0.8,0.047619
876,0.9,0.047619
876,1,0.047619
877,0.5,0.047619
877,0.6,0.047619
877,0.7,0.047619
877,0.8,0.05
877,0.9,0.047619
877,1,0.047619
878,0.5,0.047619
878,0.6,0.047619
878,0.7,0.047619
878,0.8,0.047619
878,0.9,0.047619
878,1,0.047619
879,0.5,0.047619
879,0.6,0.047619
879,0.7,0.047619
879,0.8,0.047619
879,0.9,0.047619
879,1,0.047619
880,0.5,0.047619
880,0.6,0.047619
880,0.7,0.047619
880,0.8,0.047619
880,0.9,0.047619
880,1,0.047619
881,0.5,0.047619
881,0.6,0.047619
881,0.7,0.047619
881,0.8,0.047619
881,0.9,0.047619
881,1,0.047619
882,0.5,0.047619
882,0.6,0.047619
882,0.7,0.047619
882,0.8,0.047619
882,0.9,0.047619
882,1,0.047619
883,0.5,0.047619
883,0.6,0.047619
883,0.7,0.047619
883,0.8,0.047619
883,0.9,0.047619
883,1,0.047619
884,0.5,0.047619
884,0.6,0.047619
884,0.7,0.047619
884,0.8,0.047619
884,0.9,0.047619
884,1,0.047619
885,0.5,0.047619
885,0.6,0.047619
885,0.7,0.047619
885,0.8,0.047619
885,0.9,0.047619
885,1,0.047619
886,0.5,0.047619
886,0.6,0.047619
886,0.7,0.047619
886,0.8,0.047619
886,0.9,0.047619
886,1,0.047619
887,0.5,0.047619
887,0.6,0.047619
887,0.7,0.047619
887,0.8,0.047619
887,0.9,0.047619
887,1,0.047619
888,0.5,0.047619
888,0.6,0.047619
888,0.7,0.047619
888,0.8,0.047619
888,0.9,0.047619
888,1,0.047619
889,0.5,0.047619
889,0.6,0.047619
889,0.7,0.047619
889,0.8,0.047619
889,0.9,0.047619
889,1,0.047619
890,0.5,0.047619
890,0.6,0.047619
890,0.7,0.047619
890,0.8,0.047619
890,0.9,0.047619
890,1,0.047619
891,0.5,0.047619
891,0.6,0.047619
891,0.7,0.047619
891,0.8,0.047619
891,0.9,0.047619
891,1,0.047619
892,0.5,0.047619
892,0.6,0.05
892,0.7,0.047619
892,0.8,0.047619
892,0.9,0.047619
892,1,0.047619
893,0.5,0.047619
893,0.6,0.047619
893,0.7,0.047619
893,0.8,0.047619
893,0.9,0.047619
893,1,0.047619
894,0.5,0.047619
894,0.6,0.047619
894,0.7,0.047619
894,0.8,0.047619
894,0.9,0.047619
894,1,0.047619
895,0.5,0.047619
895,0.6,0.047619
895,0.7,0.047619
895,0.8,0.047619
895,0.9,0.047619
895,1,0.047619
896,0.5,0.047619
896,0.6,0.047619
896,0.7,0.047619
896,0.8,0.047619
896,0.9,0.047619
896,1,0.047619
897,0.5,0.047619
897,0.6,0.047619
897,0.7,0.047619
897,0.8,0.047619
897,0.9,0.047619
897,1,0.047619
898,0.5,0.047619
898,0.6,0.047619
898,0.7,0.047619
898,0.8,0.047619
898,0.9,0.047619
898,1,0.047619
899,0.5,0.047619
899,0.6,0.047619
899,0.7,0.047619
899,0.8,0.047619
899,0.9,0.047619
899,1,0.047619
900,0.5,0.047619
900,0.6,0.047619
900,0.7,0.047619
900,0.8,0.047619
900,0.9,0.047619
900,1,0.047619
901,0.5,0.047619
901,0.6,0.047619
901,0.7,0.047619
901,0.8,0.047619
901,0.9,0.047619
901,1,0.047619
902,0.5,0.047619
902,0.6,0.047619
902,0.7,0.047619
902,0.8,0.047619
902,0.9,0.047619
902,1,0.047619
903,0.5,0.047619
903,0.6,0.047619
903,0.7,0.047619
903,0.8,0.047619
903,0.9,0.047619
903,1,0.047619
904,0.5,0.047619
904,0.6,0.047619
904,0.7,0.047619
904,0.8,0.047619
904,0.9,0.047619
904,1,0.047619
905,0.5,0.047619
905,0.6,0.047619
905,0.7,0.047619
905,0.8,0.047619
905,0.9,0.047619
905,1,0.047619
906,0.5,0.047619
906,0.6,0.047619
906,0.7,0.047619
906,0.8,0.047619
906,0.9,0.047619
906,1,0.047619
907,0.5,0.047619
907,0.6,0.047619
907,0.7,0.047619
907,0.8,0.047619
907,0.9,0.047619
907,1,0.047619
908,0.5,0.047619
908,0.6,0.047619
908,0.7,0.047619
908,0.8,0.047619
908,0.9,0.047619
908,1,0.047619
909,0.5,0.047619
909,0.6,0.047619
909,0.7,0.047619
909,0.8,0.047619
909,0.9,0.047619
909,1,0.047619
910,0.5,0.047619
910,0.6,0.047619
910,0.7,0.047619
910,0.8,0.047619
910,0.9,0.047619
910,1,0.047619
911,0.5,0.047619
911,0.6,0.047619
911,0.7,0.047619
911,0.8,0.047619
911,0.9,0.047619
911,1,0.047619
912,0.5,0.047619
912,0.6,0.047619
912,0.7,0.047619
912,0.8,0.047619
912,0.9,0.047619
912,1,0.047619
913,0.5,0.047619
913,0.6,0.047619
913,0.7,0.047619
913,0.8,0.047619
913,0.9,0.047619
913,1,0.047619
914,0.5,0.047619
914,0.6,0.047619
914,0.7,0.047619
914,0.8,0.047619
914,0.9,0.047619
914,1,0.047619
915,0.5,0.047619
915,0.6,0.047619
915,0.7,0.047619
915,0.8,0.047619
915,0.9,0.047619
915,1,0.047619
916,0.5,0.047619
916,0.6,0.047619
916,0.7,0.047619
916,0.8,0.047619
916,0.9,0.047619
916,1,0.047619
917,0.5,0.047619
917,0.6,0.047619
917,0.7,0.047619
917,0.8,0.047619
917,0.9,0.047619
917,1,0.047619
918,0.5,0.047619
918,0.6,0.047619
918,0.7,0.047619
918,0.8,0.047619
918,0.9,0.047619
918,1,0.047619
919,0.5,0.047619
919,0.6,0.047619
919,0.7,0.047619
919,0.8,0.047619
919,0.9,0.047619
919,1,0.047619
920,0.5,0.047619
920,0.6,0.047619
920,0.7,0.047619
920,0.8,0.047619
920,0.9,0.047619
920,1,0.047619
921,0.5,0.047619
921,0.6,0.047619
921,0.7,0.047619
921,0.8,0.047619
921,0.9,0.047619
921,1,0.047619
922,0.5,0.047619
922,0.6,0.047619
922,0.7,0.047619
922,0.8,0.047619
922,0.9,0.047619
922,1,0.047619
923,0.5,0.047619
923,0.6,0.047619
923,0.7,0.047619
923,0.8,0.047619
923,0.9,0.047619
923,1,0.047619
924,0.5,0.047619
924,0.6,0.047619
924,0.7,0.047619
924,0.8,0.047619
924,0.9,0.047619
924,1,0.047619
925,0.5,0.047619
925,0.6,0.047619
925,0.7,0.047619
925,0.8,0.047619
925,0.9,0.047619
925,1,0.047619
926,0.5,0.047619
926,0.6,0.047619
926,0.7,0.047619
926,0.8,0.047619
926,0.9,0.047619
926,1,0.047619
927,0.5,0.047619
927,0.6,0.047619
927,0.7,0.047619
927,0.8,0.047619
927,0.9,0.047619
927,1,0.047619
928,0.5,0.047619
928,0.6,0.047619
928,0.7,0.047619
928,0.8,0.047619
928,0.9,0.047619
928,1,0.047619
929,0.5,0.047619
929,0.6,0.047619
929,0.7,0.047619
929,0.8,0.047619
929,0.9,0.047619
929,1,0.047619
930,0.5,0.047619
930,0.6,0.047619
930,0.7,0.047619
930,0.8,0.047619
930,0.9,0.047619
930,1,0.047619
931,0.5,0.047619
931,0.6,0.047619
931,0.7,0.047619
931,0.8,0.047619
931,0.9,0.047619
931,1,0.047619
932,0.5,0.047619
932,0.6,0.047619
932,0.7,0.047619
932,0.8,0.047619
932,0.9,0.047619
932,1,0.047619
933,0.5,0.047619
933,0.6,0.047619
933,0.7,0.047619
933,0.8,0.047619
933,0.9,0.047619
933,1,0.047619
934,0.5,0.047619
934,0.6,0.047619
934,0.7,0.047619
934,0.8,0.047619
934,0.9,0.047619
934,1,0.047619
935,0.5,0.047619
935,0.6,0.047619
935,0.7,0.047619
935,0.8,0.047619
935,0.9,0.047619
935,1,0.047619
936,0.5,0.047619
936,0.6,0.047619
936,0.7,0.047619
936,0.8,0.047619
936,0.9,0.047619
936,1,0.047619
937,0.5,0.047619
937,0.6,0.047619
937,0.7,0.047619
937,0.8,0.047619
937,0.9,0.047619
937,1,0.047619
938,0.5,0.047619
938,0.6,0.047619
938,0.7,0.047619
938,0.8,0.047619
938,0.9,0.047619
938,1,0.047619
939,0.5,0.047619
939,0.6,0.047619
939,0.7,0.047619
939,0.8,0.047619
939,0.9,0.047619
939,1,0.047619
940,0.5,0.047619
940,0.6,0.047619
940,0.7,0.047619
940,0.8,0.047619
940,0.9,0.047619
940,1,0.047619
941,0.5,0.047619
941,0.6,0.047619
941,0.7,0.047619
941,0.8,0.047619
941,0.9,0.047619
941,1,0.047619
942,0.5,0.047619
942,0.6,0.047619
942,0.7,0.047619
942,0.8,0.047619
942,0.9,0.047619
942,1,0.047619
943,0.5,0.047619
943,0.6,0.047619
943,0.7,0.047619
943,0.8,0.047619
943,0.9,0.047619
943,1,0.047619
944,0.5,0.047619
944,0.6,0.047619
944,0.7,0.047619
944,0.8,0.047619
944,0.9,0.047619
944,1,0.047619
945,0.5,0.047619
945,0.6,0.047619
945,0.7,0.047619
945,0.8,0.047619
945,0.9,0.047619
945,1,0.047619
946,0.5,0.047619
946,0.6,0.047619
946,0.7,0.047619
946,0.8,0.047619
946,0.9,0.047619
946,1,0.047619
947,0.5,0.047619
947,0.6,0.047619
947,0.7,0.047619
947,0.8,0.047619
947,0.9,0.047619
947,1,0.047619
948,0.5,0.047619
948,0.6,0.047619
948,0.7,0.047619
948,0.8,0.047619
948,0.9,0.047619
948,1,0.047619
949,0.5,0.047619
949,0.6,0.047619
949,0.7,0.047619
949,0.8,0.047619
949,0.9,0.047619
949,1,0.047619
950,0.5,0.047619
950,0.6,0.047619
950,0.7,0.047619
950,0.8,0.047619
950,0.9,0.047619
950,1,0.047619
951,0.5,0.047619
951,0.6,0.047619
951,0.7,0.047619
951,0.8,0.047619
951,0.9,0.047619
951,1,0.047619
952,0.5,0.047619
952,0.6,0.05
952,0.7,0.047619
952,0.8,0.047619
952,0.9,0.047619
952,1,0.047619
953,0.5,0.047619
953,0.6,0.047619
953,0.7,0.047619
953,0.8,0.047619
953,0.9,0.047619
953,1,0.047619
954,0.5,0.047619
954,0.6,0.047619
954,0.7,0.047619
954,0.8,0.047619
954,0.9,0.047619
954,1,0.047619
955,0.5,0.047619
955,0.6,0.047619
955,0.7,0.047619
955,0.8,0.047619
955,0.9,0.047619
955,1,0.047619
956,0.5,0.047619
956,0.6,0.047619
956,0.7,0.047619
956,0.8,0.047619
956,0.9,0.047619
956,1,0.047619
957,0.5,0.047619
957,0.6,0.047619
957,0.7,0.047619
957,0.8,0.047619
957,0.9,0.047619
957,1,0.047619
958,0.5,0.047619
958,0.6,0.047619
958,0.7,0.047619
958,0.8,0.047619
958,0.9,0.047619
958,1,0.047619
959,0.5,0.047619
959,0.6,0.047619
959,0.7,0.047619
959,0.8,0.047619
959,0.9,0.047619
959,1,0.047619
960,0.5,0.047619
960,0.6,0.047619
960,0.7,0.047619
960,0.8,0.047619
960,0.9,0.047619
960,1,0.047619
961,0.5,0.047619
961,0.6,0.047619
961,0.7,0.047619
961,0.8,0.047619
961,0.9,0.047619
961,1,0.047619
962,0.5,0.047619
962,0.6,0.047619
962,0.7,0.047619
962,0.8,0.047619
962,0.9,0.047619
962,1,0.047619
963,0.5,0.047619
963,0.6,0.047619
963,0.7,0.047619
963,0.8,0.047619
963,0.9,0.047619
963,1,0.047619
964,0.5,0.047619
964,0.6,0.047619
964,0.7,0.047619
964,0.8,0.047619
964,0.9,0.047619
964,1,0.047619
965,0.5,0.047619
965,0.6,0.047619
965,0.7,0.047619
965,0.8,0.047619
965,0.9,0.047619
965,1,0.047619
966,0.5,0.047619
966,0.6,0.047619
966,0.7,0.047619
966,0.8,0.047619
966,0.9,0.047619
966,1,0.047619
967,0.5,0.047619
967,0.6,0.047619
967,0.7,0.047619
967,0.8,0.047619
967,0.9,0.047619
967,1,0.047619
968,0.5,0.047619
968,0.6,0.047619
968,0.7,0.047619
968,0.8,0.047619
968,0.9,0.047619
968,1,0.047619
969,0.5,0.047619
969,0.6,0.047619
969,0.7,0.047619
969,0.8,0.047619
969,0.9,0.047619
969,1,0.047619
970,0.5,0.047619
970,0.6,0.047619
970,0.7,0.047619
970,0.8,0.047619
970,0.9,0.047619
970,1,0.047619
971,0.5,0.047619
971,0.6,0.047619
971,0.7,0.047619
971,0.8,0.047619
971,0.9,0.047619
971,1,0.047619
972,0.5,0.047619
972,0.6,0.047619
972,0.7,0.047619
972,0.8,0.047619
972,0.9,0.047619
972,1,0.047619
973,0.5,0.047619
973,0.6,0.047619
973,0.7,0.047619
973,0.8,0.047619
973,0.9,0.047619
973,1,0.047619
974,0.5,0.047619
974,0.6,0.047619
974,0.7,0.047619
974,0.8,0.047619
974,0.9,0.047619
974,1,0.047619
975,0.5,0.047619
975,0.6,0.047619
975,0.7,0.047619
975,0.8,0.047619
975,0.9,0.047619
975,1,0.047619
976,0.5,0.047619
976,0.6,0.047619
976,0.7,0.047619
976,0.8,0.047619
976,0.9,0.047619
976,1,0.047619
977,0.5,0.047619
977,0.6,0.047619
977,0.7,0.047619
977,0.8,0.047619
977,0.9,0.047619
977,1,0.047619
978,0.5,0.047619
978,0.6,0.047619
978,0.7,0.047619
978,0.8,0.047619
978,0.9,0.047619
978,1,0.047619
979,0.5,0.047619
979,0.6,0.047619
979,0.7,0.047619
979,0.8,0.047619
979,0.9,0.047619
979,1,0.047619
980,0.5,0.047619
980,0.6,0.047619
980,0.7,0.047619
980,0.8,0.047619
980,0.9,0.047619
980,1,0.047619
981,0.5,0.047619
981,0.6,0.047619
981,0.7,0.047619
981,0.8,0.047619
981,0.9,0.047619
981,1,0.047619
982,0.5,0.047619
982,0.6,0.047619
982,0.7,0.047619
982,0.8,0.047619
982,0.9,0.047619
982,1,0.047619
983,0.5,0.047619
983,0.6,0.047619
983,0.7,0.047619
983,0.8,0.047619
983,0.9,0.047619
983,1,0.047619
984,0.5,0.047619
984,0.6,0.047619
984,0.7,0.047619
984,0.8,0.047619
984,0.9,0.047619
984,1,0.047619
985,0.5,0.047619
985,0.6,0.047619
985,0.7,0.047619
985,0.8,0.047619
985,0.9,0.047619
985,1,0.047619
986,0.5,0.047619
986,0.6,0.047619
986,0.7,0.047619
986,0.8,0.047619
986,0.9,0.047619
986,1,0.047619
987,0.5,0.047619
987,0.6,0.047619
987,0.7,0.047619
987,0.8,0.047619
987,0.9,0.047619
987,1,0.047619
988,0.5,0.047619
988,0.6,0.047619
988,0.7,0.047619
988,0.8,0.047619
988,0.9,0.047619
988,1,0.047619
989,0.5,0.047619
989,0.6,0.047619
989,0.7,0.047619
989,0.8,0.047619
989,0.9,0.047619
989,1,0.047619
990,0.5,0.047619
990,0.6,0.047619
990,0.7,0.047619
990,0.8,0.047619
990,0.9,0.047619
990,1,0.047619
991,0.5,0.047619
991,0.6,0.047619
991,0.7,0.047619
991,0.8,0.047619
991,0.9,0.047619
991,1,0.047619
992,0.5,0.047619
992,0.6,0.047619
992,0.7,0.047619
992,0.8,0.047619
992,0.9,0.047619
992,1,0.047619
993,0.5,0.047619
993,0.6,0.047619
993,0.7,0.047619
993,0.8,0.047619
993,0.9,0.047619
993,1,0.047619
994,0.5,0.047619
994,0.6,0.047619
994,0.7,0.047619
994,0.8,0.047619
994,0.9,0.047619
994,1,0.047619
995,0.5,0.047619
995,0.6,0.047619
995,0.7,0.047619
995,0.8,0.047619
995,0.9,0.047619
995,1,0.047619
996,0.5,0.047619
996,0.6,0.047619
996,0.7,0.047619
996,0.8,0.047619
996,0.9,0.047619
996,1,0.047619
997,0.5,0.047619
997,0.6,0.047619
997,0.7,0.047619
997,0.8,0.047619
997,0.9,0.047619
997,1,0.047619
998,0.5,0.047619
998,0.6,0.047619
998,0.7,0.047619
998,0.8,0.047619
998,0.9,0.047619
998,1,0.047619
999,0.5,0.047619
999,0.6,0.047619
999,0.7,0.047619
999,0.8,0.047619
999,0.9,0.047619
999,1,0.047619
1000,0.5,0.047619
1000,0.6,0.047619
1000,0.7,0.047619
1000,0.8,0.047619
1000,0.9,0.047619
1000,1,0.047619
