Savannah|07666 481705
Yeo|076 6703 4741
Priscilla|056 5872 1766
Lara|(0112) 436 7597
Bernard|0845 46 46
Veronica|(0114) 623 9506
Azalia|0845 46 46
Brandon|056 6709 2732
Victor|(0112) 931 6987
Dieter|0800 582533
Robin|0500 223389
Reed|056 7435 2222
Carol|(0112) 310 1974
Angelica|055 3522 0718
Roth|0800 395 8996
Gloria|(016977) 0277
Jameson|(016977) 4622
Harper|(01599) 363819
Hyatt|(0161) 354 9378
Orla|0500 553087
Chaim|(024) 8054 9337
Macey|07624 492411
Ahmed|(01228) 629142
Jessica|0500 823850
Malcolm|0845 46 47
Angela|(019015) 04594
Tanya|0800 487 8611
Olympia|0956 238 1903
Ryder|076 4700 3796
Tashya|07624 151729
Hyatt|0939 462 4532
Thaddeus|0800 204217
Aaron|07624 941431
Kristen|(01803) 362194
Emerson|(012570) 14731
Baxter|(018790) 11833
Fallon|0500 458725
Orlando|056 4516 4020
Martina|(028) 2675 3848
Len|0943 809 2901
Clementine|(01678) 72778
Griffin|(01013) 737190
Joseph|0358 738 5722
Quynn|056 2242 8119
Ferris|0871 423 5085
Jared|055 6167 0865
Lacota|0341 332 0016
Lilah|076 6682 3405
Prescott|(0118) 669 5239
Martin|(0191) 753 0537
Idola|0954 855 9195
Vanna|056 1727 3555
Charissa|(01973) 78197
Quin|07624 785176
Denton|07351 358586
Allen|(01206) 03038
Claire|0800 1111
Beck|(028) 4589 6048
Garrison|0909 058 1446
Lucian|070 4763 7481
Sylvia|055 5759 2413
Summer|070 5163 0250
Bruce|056 8465 9374
Kristen|076 7236 0473
Emerson|07624 634661
Mohammad|(01483) 464034
Hayes|0845 46 45
Derek|(0131) 705 3676
Jacob|07624 494256
Quemby|07624 658973
Gil|0845 46 49
Caleb|0800 1111
Yuli|0800 555 4855
Lila|0881 545 6292
Veda|0942 155 2456
Stella|07062 890292
Hyacinth|(0101) 532 5600
Erin|076 9630 0522
Quintessa|(01690) 114667
Lunea|07795 368655
Herman|(01573) 279496
Germaine|0800 118 1700
Sonya|(01527) 90121
Eliana|0800 1111
Riley|0500 457255
Rhoda|(026) 0659 9518
Rinah|076 8607 2724
Ryder|07624 893781
Fletcher|0850 631 8781
Wynter|(0112) 076 4122
Kiayada|076 1484 9250
Leigh|0845 46 41
Chester|055 7566 9277
Jackson|070 3145 4066
Yasir|0800 1111
Declan|(01051) 90517
Timon|0986 056 2115
Lester|0500 713094
Naomi|070 6313 6137
Hiram|055 2903 3557